address_street,city,state,county,zip,violation_type,status,date_opened,case_id,parcel,latitude,longitude
3824 SOUTHWAY DRIVE,Austin,TX,Travis,78704,Property Abatement,Active,2026-05-08T00:00:00.000,2026-058024 CC,0407070102,30.23030176,-97.77588503
1402 E APPLEGATE DRIVE,Austin,TX,Travis,78753,Work Without Permit,Active,2026-05-08T00:00:00.000,2026-057757 CC,0241260309,30.36336068,-97.66986118
1623 FOREST TRL,Austin,TX,Travis,,Property Abatement,Active,2026-05-08T00:00:00.000,2026-057875 CC,,,
110 JACOB FONTAINE LANE Unit 466,Austin,TX,Travis,78752,Structure Condition Violation(s),Active,2026-05-08T00:00:00.000,2026-057951 CC,0227110114,30.32576139,-97.71519031
1320 E APPLEGATE DRIVE,Austin,TX,Travis,78753,Work Without Permit,Active,2026-05-08T00:00:00.000,2026-057765 CC,0241260311,30.36336143,-97.67016247
1318 E APPLEGATE DRIVE,Austin,TX,Travis,78753,Work Without Permit,Active,2026-05-08T00:00:00.000,2026-057766 CC,0241260312,30.36336578,-97.67037168
412 E WILLIAM CANNON DRIVE Unit 1402,Austin,TX,Travis,78745,Property Abatement,Active,2026-05-08T00:00:00.000,2026-058048 CC,0422050111,30.19259606,-97.77497082
1071 CLAYTON LANE Unit 1211,Austin,TX,Travis,78723,Structure Condition Violation(s),Active,2026-05-08T00:00:00.000,2026-057912 CC,0224140504,30.31852904,-97.70341904
1406 E APPLEGATE DRIVE,Austin,TX,Travis,78753,Work Without Permit,Active,2026-05-08T00:00:00.000,2026-057735 CC,0241260307,30.36333204,-97.66954163
2201 W WILLIAM CANNON DRIVE,Austin,TX,Travis,78745,Structure Condition Violation(s),Active,2026-05-07T00:00:00.000,2026-057298 CC,0416180510,30.20344325,-97.80920017
2212 MISSION HILL CIRCLE,Austin,TX,Travis,78741,Property Abatement,Active,2026-05-07T00:00:00.000,2026-057078 CC,0311040909,30.2172493,-97.7388555
8204 SAM RAYBURN DRIVE,Austin,TX,Travis,78753,Property Abatement,Active,2026-05-07T00:00:00.000,2026-057452 CC,0235150716,30.34672426,-97.70012612
7005 BENNETT AVENUE,Austin,TX,Travis,78752,Property Abatement,Active,2026-05-07T00:00:00.000,2026-057119 CC,0229150414,30.32982787,-97.70088847
9837 CHILDRESS DRIVE,Austin,TX,Travis,78753,Structure Condition Violation(s),Active,2026-05-07T00:00:00.000,2026-057653 CC,0240240804,30.35857843,-97.67426848
7000 BRYN MAWR COVE,Austin,TX,Travis,78723,Property Abatement,Active,2026-05-07T00:00:00.000,2026-057169 CC,0224270412,30.31625459,-97.6670751
303 JOHN NANCE GARNER CIRCLE Unit 210,Austin,TX,Travis,78753,Structure Condition Violation(s),Active,2026-05-07T00:00:00.000,2026-057633 CC,0235150711,30.34784295,-97.69968967
401 LITTLE TEXAS LANE BLDG 20 UNIT 2024,Austin,TX,Travis,78745,Structure Condition Violation(s),Active,2026-05-07T00:00:00.000,2026-057657 CC,0420050221,30.20067456,-97.77253731
2203 MISSION HILL CIRCLE,Austin,TX,Travis,78741,Property Abatement,Active,2026-05-07T00:00:00.000,2026-057082 CC,0313040723,30.2168309,-97.73992446
706 SHADE TREE DRIVE,Austin,TX,Travis,78748,Property Abatement,Active,2026-05-07T00:00:00.000,2026-057314 CC,0434150101,30.16081014,-97.81263667
1301 BLAKENEY LANE,Austin,TX,Travis,78753,Property Abatement,Active,2026-05-07T00:00:00.000,2026-057040 CC,0250280801,30.38471975,-97.659129
2005 WILLOW CREEK DRIVE BLDG 18 Unit 1081,Austin,TX,Travis,78741,Structure Condition Violation(s),Active,2026-05-07T00:00:00.000,2026-057286 CC,0308060301,30.23205261,-97.72860737
5800 WELLINGTON DRIVE,Austin,TX,Travis,78723,Structure Condition Violation(s),Active,2026-05-07T00:00:00.000,2026-057433 CC,0221190711,30.31066808,-97.68829387
4323 S CONGRESS AVENUE Unit 1209,Austin,TX,Travis,78745,Structure Condition Violation(s),Active,2026-05-07T00:00:00.000,2026-057215 CC,0412040901,30.21845284,-97.76444964
12406 CORONET STREET,Austin,TX,Travis,78727,Property Abatement,Active,2026-05-07T00:00:00.000,2026-057177 CC,0264080418,30.42229052,-97.71975338
907 VALDEZ STREET,Austin,TX,Travis,78741,Property Abatement,Active,2026-05-07T00:00:00.000,2026-057494 CC,0306180613,30.23286485,-97.69305369
7004 BRYN MAWR COVE,Austin,TX,Travis,78723,Property Abatement,Active,2026-05-07T00:00:00.000,2026-057179 CC,0224270410,30.31642588,-97.66671531
2601 S PLEASANT VALLEY ROAD 531,Austin,TX,Travis,78741,Structure Condition Violation(s),Active,2026-05-07T00:00:00.000,2026-057302 CC,0309061001,30.22438247,-97.72917527
7703 BIXLER DRIVE,Austin,TX,Travis,78744,Work Without Permit,Active,2026-05-07T00:00:00.000,2026-057089 CC,0332031104,30.162652,-97.74384705
8103 VIEW RIDGE DRIVE,Austin,TX,Travis,78724,Property Abatement,Active,2026-05-06T00:00:00.000,2026-056735 CC,0219380414,30.29869374,-97.62876128
8220 RESEARCH BLVD SERVICE ROAD UNIT 177,Austin,TX,Travis,78758,Structure Condition Violation(s),Active,2026-05-06T00:00:00.000,2026-056749 CC,0237100907,30.35482805,-97.71698205
1020 SPRINGDALE ROAD,Austin,TX,Travis,78721,Property Abatement,Active,2026-05-06T00:00:00.000,2026-056468 CC,0207170215,30.26796279,-97.69428328
2720 PEGRAM AVE,Austin,TX,Travis,,Property Abatement,Active,2026-05-06T00:00:00.000,2026-056501 CC,,,
6812 S CONGRESS AVENUE Unit 103,Austin,TX,Travis,78745,Structure Condition Violation(s),Active,2026-05-06T00:00:00.000,2026-056429 CC,0421100904,30.19170763,-97.7802024
2401 SAN GABRIEL STREET Unit 308,Austin,TX,Travis,78705,Property Abatement,Active,2026-05-06T00:00:00.000,2026-057018 CC,0214010703,30.28842038,-97.74746098
10500 BROWNIE DRIVE,Austin,TX,Travis,78753,Property Abatement,Active,2026-05-06T00:00:00.000,2026-056597 CC,0243210111,30.36997663,-97.68320033
8527 N CAPITAL OF TEXAS HIGHWAY,Austin,TX,Travis,78759,Structure Condition Violation(s),Active,2026-05-06T00:00:00.000,2026-056388 CC,0150050125,30.38609729,-97.76435808
1201 FORT BRANCH BOULEVARD,Austin,TX,Travis,78721,Property Abatement,Active,2026-05-06T00:00:00.000,2026-056748 CC,0208210214,30.27442031,-97.68054759
505 SWANEE DRIVE Unit 102,Austin,TX,Travis,78752,Structure Condition Violation(s),Active,2026-05-06T00:00:00.000,2026-056866 CC,0231110301,30.33499879,-97.71527255
10611 MC MILLIAN DRIVE,Austin,TX,Travis,78753,Property Abatement,Active,2026-05-06T00:00:00.000,2026-056590 CC,0243210124,30.37205991,-97.68272755
2832 E MARTIN LUTHER KING JR BOULEVARD Unit 512,Austin,TX,Travis,78702,Structure Condition Violation(s),Active,2026-05-06T00:00:00.000,2026-056953 CC,0212121004,30.28196627,-97.71040594
5401 HUDSON STREET,Austin,TX,Travis,78721,Property Abatement,Active,2026-05-06T00:00:00.000,2026-056440 CC,0208210601,30.27404248,-97.68049776
4402 HANK AVENUE,Austin,TX,Travis,78745,Property Abatement,Active,2026-05-06T00:00:00.000,2026-056867 CC,0410090511,30.22474893,-97.78002258
1815 MILES AVENUE,Austin,TX,Travis,78745,Property Abatement,Active,2026-05-06T00:00:00.000,2026-056519 CC,0417160523,30.20508528,-97.80251729
2107 ALTA VISTA AVENUE,Austin,TX,Travis,78704,Structure Condition Violation(s),Active,2026-05-06T00:00:00.000,2026-056638 CC,0304020320,30.23953355,-97.74543456
1011 E 16TH STREET,Austin,TX,Travis,78702,Property Abatement,Active,2026-05-06T00:00:00.000,2026-057005 CC,0209061006,30.2760379,-97.72869756
1505 WESTBURY TRAIL,Austin,TX,Travis,78758,Property Abatement,Active,2026-05-06T00:00:00.000,2026-056538 CC,0242120601,30.36374571,-97.71271924
7113 BURNET ROAD,Austin,TX,Travis,78757,Property Abatement,Active,2026-05-06T00:00:00.000,2026-056821 CC,0235040306,30.34745852,-97.73545167
7502 GREENHAVEN DRIVE,Austin,TX,Travis,78757,Property Abatement,Active,2026-05-06T00:00:00.000,2026-057011 CC,0237030431,30.3534591,-97.73908614
3006 CATALINA DRIVE,Austin,TX,Travis,78741,Property Abatement,Active,2026-05-06T00:00:00.000,2026-056516 CC,0309030304,30.22237748,-97.73689671
1601 CINNAMON PATH Unit B,Austin,TX,Travis,78704,Property Abatement,Active,2026-05-06T00:00:00.000,2026-056649 CC,0404073201,30.24019827,-97.77482788
3102 GLEN ORA,Austin,TX,Travis,78704,Property Abatement,Active,2026-05-06T00:00:00.000,2026-056951 CC,0404091301,30.2404594,-97.78116248
3400 HILLVIEW ROAD,Austin,TX,Travis,78703,Property Abatement,Active,2026-05-06T00:00:00.000,2026-056657 CC,0121050308,30.31032501,-97.76501852
2832 E MARTIN LUTHER KING JR BOULEVARD Unit 551,Austin,TX,Travis,78702,Structure Condition Violation(s),Active,2026-05-06T00:00:00.000,2026-056454 CC,0212121004,30.28196627,-97.71040594
1611 RIDGEHAVEN DRIVE,Austin,TX,Travis,78723,Structure Condition Violation(s),Active,2026-05-06T00:00:00.000,2026-056704 CC,0222170202,30.31145712,-97.69481826
4100 EVEREST LANE,Austin,TX,Travis,78727,Property Abatement,Active,2026-05-06T00:00:00.000,2026-056896 CC,0262080504,30.41809667,-97.7227486
3405 HYREEK DR,Austin,TX,Travis,78723,Property Abatement,Active,2026-05-06T00:00:00.000,2026-057019 CC,0221240913,30.30552391,-97.67057941
2317 S PLEASANT VALLEY ROAD Unit 724,Austin,TX,Travis,78741,Structure Condition Violation(s),Active,2026-05-06T00:00:00.000,2026-056835 CC,0308060106,30.22935819,-97.72621907
Hyatt Centric Congress Avenue Austin - 721 CONGRESS AVE,Austin,TX,Travis,78701,Structure Condition Violation(s),Active,2026-05-06T00:00:00.000,2026-057013 CC,0206030816,30.269667,-97.74180042
5700 CAMERON ROAD Unit 126,Austin,TX,Travis,78723,Structure Condition Violation(s),Active,2026-05-06T00:00:00.000,2026-056391 CC,0224140219,30.31554109,-97.70229583
ESA Select Suites Austin-Northwest-Lakeline Mall - 13858 N US 183 HWY SVRD SB,Austin,TX,Travis,78750,Structure Condition Violation(s),Active,2026-05-06T00:00:00.000,2026-056601 CC,R413937,30.4664638,-97.79749916
10808 LAMBERT CIRCLE,Austin,TX,Travis,78758,Property Abatement,Active,2026-05-06T00:00:00.000,2026-057010 CC,0249150301,30.38256676,-97.70091115
1881 GROVE BOULEVARD 236,Austin,TX,Travis,78741,Structure Condition Violation(s),Active,2026-05-06T00:00:00.000,2026-056359 CC,0307130202,30.22863461,-97.70615193
11702 NATRONA DRIVE,Austin,TX,Travis,78759,Property Abatement,Active,2026-05-06T00:00:00.000,2026-056799 CC,0260040132,30.41518317,-97.74170267
1221 ALGARITA AVENUE BLDG. 10 UNIT 251,Austin,TX,Travis,78704,Structure Condition Violation(s),Active,2026-05-05T00:00:00.000,2026-056020 CC,0304020541,30.23738859,-97.74150413
8527 N CAPITAL OF TEXAS HIGHWAY BLDG 8547 Unit 2095,Austin,TX,Travis,78759,Structure Condition Violation(s),Active,2026-05-05T00:00:00.000,2026-056074 CC,0150050125,30.38609729,-97.76435808
4405 AVENUE A,Austin,TX,Travis,78751,Property Abatement,Active,2026-05-05T00:00:00.000,2026-055643 CC,0221052001,30.3093533,-97.73237566
2100 DEADWOOD DRIVE,Austin,TX,Travis,78744,Property Abatement,Active,2026-05-05T00:00:00.000,2026-055583 CC,0418010214,30.19875296,-97.75490165
6809 THORNCLIFFE DRIVE,Austin,TX,Travis,78731,Property Abatement,Active,2026-05-05T00:00:00.000,2026-056270 CC,0137021108,30.35197272,-97.75950155
1910 ALEGRIA ROAD,Austin,TX,Travis,78757,Property Abatement,Active,2026-05-05T00:00:00.000,2026-055975 CC,0232040522,30.33701151,-97.73620861
7920 SAN FELIPE BOULEVARD,Austin,TX,Travis,78729,Structure Condition Violation(s),Active,2026-05-05T00:00:00.000,2026-055714 CC,R066465,30.4385441,-97.76906145
6000 GARDEN VIEW DRIVE,Austin,TX,Travis,78724,Property Abatement,Active,2026-05-05T00:00:00.000,2026-056084 CC,0215280641,30.29199214,-97.66107067
1127 TILLERY STREET Unit 314,Austin,TX,Travis,78702,Structure Condition Violation(s),Active,2026-05-05T00:00:00.000,2026-056209 CC,0206150190,30.26850965,-97.70067834
2832 E MARTIN LUTHER KING JR BOULEVARD Unit 251,Austin,TX,Travis,78702,Structure Condition Violation(s),Active,2026-05-05T00:00:00.000,2026-055977 CC,0212121004,30.28196627,-97.71040594
8312 STILLWOOD LANE,Austin,TX,Travis,78757,Work Without Permit,Active,2026-05-05T00:00:00.000,2026-056308 CC,0241060617,30.36619239,-97.73225423
10600 BREZZA LANE Unit 735,Austin,TX,Travis,78748,Structure Condition Violation(s),Active,2026-05-05T00:00:00.000,2026-055554 CC,0438110301,30.15028477,-97.79551523
824 CAMINO LA COSTA,Austin,TX,Travis,78752,Structure Condition Violation(s),Active,2026-05-05T00:00:00.000,2026-056239 CC,0229150147,30.32915471,-97.70400447
8812 LAVERTY PLACE,Austin,TX,Travis,78753,Property Abatement,Active,2026-05-05T00:00:00.000,2026-056137 CC,0237160708,30.35333923,-97.69626042
2904 JADEWOOD COURT,Austin,TX,Travis,78748,Property Abatement,Active,2026-05-05T00:00:00.000,2026-055835 CC,0428250470,30.1778772,-97.83968077
2020 FORD STREET,Austin,TX,Travis,78704,Property Abatement,Active,2026-05-05T00:00:00.000,2026-056110 CC,0102070426,30.2547427,-97.77431576
6401 SHADOW VALLEY DRIVE,Austin,TX,Travis,78731,Property Abatement,Active,2026-05-05T00:00:00.000,2026-056282 CC,0137020505,30.35142631,-97.7603692
2902 JADEWOOD COURT,Austin,TX,Travis,78748,Property Abatement,Active,2026-05-05T00:00:00.000,2026-055839 CC,0428250469,30.17779653,-97.83949292
8203 COLONY LOOP DRIVE,Austin,TX,Travis,78724,Property Abatement,Active,2026-05-05T00:00:00.000,2026-056051 CC,0217380101,30.29703977,-97.62884566
922 W 12TH STREET,Austin,TX,Travis,78703,Property Abatement,Active,2026-05-05T00:00:00.000,2026-055951 CC,0210000904,30.27709115,-97.7511139
2401 MANOR ROAD Unit 233,Austin,TX,Travis,78722,Structure Condition Violation(s),Active,2026-05-05T00:00:00.000,2026-055987 CC,0212102201,30.28437321,-97.71663299
2704 PARKER LANE,Austin,TX,Travis,78741,Property Abatement,Active,2026-05-05T00:00:00.000,2026-056082 CC,0307020440,30.22836965,-97.74025124
2301 LEHIGH DRIVE,Austin,TX,Travis,78723,Property Abatement,Active,2026-05-05T00:00:00.000,2026-055665 CC,0224211113,30.31680484,-97.68087232
2105 E 8TH STREET,Austin,TX,Travis,78702,Property Abatement,Active,2026-05-05T00:00:00.000,2026-055793 CC,0205101504,30.26246009,-97.71887127
7734 MC KINNEY FALLS PARKWAY,Austin,TX,Travis,78744,Property Abatement,Active,2026-05-05T00:00:00.000,2026-055725 CC,0334060205,30.15650271,-97.730444
1221 ALGARITA AVENUE BLDG. 15 UNIT 281,Austin,TX,Travis,78704,Structure Condition Violation(s),Active,2026-05-05T00:00:00.000,2026-056048 CC,0304020541,30.23738859,-97.74150413
3405 STECK AVENUE,Austin,TX,Travis,78757,Property Abatement,Active,2026-05-05T00:00:00.000,2026-055672 CC,0241040623,30.36689369,-97.74040263
10606 SETTLERS TRAIL,Austin,TX,Travis,78750,Property Abatement,Active,2026-05-05T00:00:00.000,2026-055564 CC,R067181,30.45139755,-97.80785739
6003 GARDEN VIEW DRIVE,Austin,TX,Travis,78724,Property Abatement,Active,2026-05-05T00:00:00.000,2026-055686 CC,0215280718,30.29130009,-97.66072536
2015 E 9TH STREET,Austin,TX,Travis,78702,Property Abatement,Active,2026-05-05T00:00:00.000,2026-055783 CC,0205081508,30.26347107,-97.71908469
9025 BALCONES CLUB DRIVE,Austin,TX,Travis,78750,Property Abatement,Active,2026-05-05T00:00:00.000,2026-055613 CC,0170130413,30.44215094,-97.79332682
9200 NORTH PLAZA Unit 3107,Austin,TX,Travis,78753,Structure Condition Violation(s),Active,2026-05-05T00:00:00.000,2026-056320 CC,0239200804,30.35460161,-97.68584592
1201 NEANS DRIVE,Austin,TX,Travis,78758,Property Abatement,Active,2026-05-05T00:00:00.000,2026-056007 CC,0246160201,30.37616584,-97.69926509
3803 KNOLLWOOD DRIVE,Austin,TX,Travis,78731,Property Abatement,Active,2026-05-05T00:00:00.000,2026-056279 CC,0137020515,30.35226145,-97.76100654
106 E GIBSON STREET,Austin,TX,Travis,78704,Property Abatement,Active,2026-05-05T00:00:00.000,2026-056131 CC,0300010310,30.24978775,-97.74875216
9006 CAPITOL DRIVE,Austin,TX,Travis,78753,Structure Condition Violation(s),Active,2026-05-05T00:00:00.000,2026-056063 CC,0238180141,30.35629788,-97.69274802
6810 THORNCLIFFE DRIVE,Austin,TX,Travis,78731,Property Abatement,Active,2026-05-05T00:00:00.000,2026-056269 CC,0137020521,30.35140876,-97.7594944
3106 HEMPHILL PARK,Austin,TX,Travis,78705,Property Abatement,Active,2026-05-05T00:00:00.000,2026-056324 CC,0216040103,30.29765715,-97.73948627
4307 MAUAI COVE,Austin,TX,Travis,78749,Property Abatement,Active,2026-05-05T00:00:00.000,2026-055829 CC,0418281241,30.20492839,-97.84970706
6813 THORNCLIFFE DRIVE,Austin,TX,Travis,78731,Property Abatement,Active,2026-05-05T00:00:00.000,2026-056271 CC,0137021110,30.35230887,-97.7599429
6801 THORNCLIFFE DRIVE,Austin,TX,Travis,78731,Property Abatement,Active,2026-05-05T00:00:00.000,2026-056264 CC,0137021104,30.35155896,-97.75848193
907 E ST ELMO ROAD,Austin,TX,Travis,78745,Property Abatement,Active,2026-05-05T00:00:00.000,2026-056319 CC,0412030516,30.21419653,-97.75697848
6301 SHADOW VALLEY DRIVE Unit B,Austin,TX,Travis,78731,Property Abatement,Active,2026-05-05T00:00:00.000,2026-056290 CC,0136031501,30.3506785,-97.75969782
6300 E US 290 HWY SERVICE ROAD,Austin,TX,Travis,78752,Structure Condition Violation(s),Active,2026-05-05T00:00:00.000,2026-055555 CC,0227160208,30.3230732,-97.70063208
2832 E MARTIN LUTHER KING JR BOULEVARD Unit 447,Austin,TX,Travis,78702,Structure Condition Violation(s),Active,2026-05-05T00:00:00.000,2026-056085 CC,0212121004,30.28196627,-97.71040594
8102 VALLEYFIELD DRIVE,Austin,TX,Travis,78724,Property Abatement,Active,2026-05-05T00:00:00.000,2026-056088 CC,0219380102,30.29944315,-97.62869273
6810 S 1ST STREET Unit 102,Austin,TX,Travis,78745,Structure Condition Violation(s),Active,2026-05-05T00:00:00.000,2026-056272 CC,0419120506,30.19535891,-97.78926547
1203 EDGEWOOD AVENUE,Austin,TX,Travis,78722,Work Without Permit,Active,2026-05-05T00:00:00.000,2026-055820 CC,0214092101,30.29013023,-97.72083782
4521 S 3RD STREET,Austin,TX,Travis,78745,Property Abatement,Active,2026-05-05T00:00:00.000,2026-055807 CC,0410080946,30.2195405,-97.77647082
2004 KIRKSEY DRIVE,Austin,TX,Travis,78741,Structure Condition Violation(s),Active,2026-05-05T00:00:00.000,2026-055559 CC,0308100304,30.23095139,-97.71748811
1603 S CONGRESS AVENUE,Austin,TX,Travis,78704,Work Without Permit,Active,2026-05-05T00:00:00.000,2026-055753 CC,0302000504,30.24748074,-97.75014123
1901 E ANDERSON LN SERVICE ROAD Unit 236,Austin,TX,Travis,78752,Structure Condition Violation(s),Active,2026-05-05T00:00:00.000,2026-056213 CC,0229210230,30.32915114,-97.68006682
8527 N CAPITAL OF TEXAS HIGHWAY BLDG 8537 Unit 1073,Austin,TX,Travis,78759,Structure Condition Violation(s),Active,2026-05-05T00:00:00.000,2026-056030 CC,0150050125,30.38609729,-97.76435808
7707 PEACEFUL HILL LANE,Austin,TX,Travis,78748,Property Abatement,Active,2026-05-05T00:00:00.000,2026-055811 CC,0424120707,30.18251759,-97.78690324
1508 RICHCREEK ROAD,Austin,TX,Travis,78757,Structure Condition Violation(s),Active,2026-05-05T00:00:00.000,2026-056191 CC,0235080919,30.34656177,-97.72555342
1401 GLENCREST DRIVE,Austin,TX,Travis,78723,Structure Condition Violation(s),Active,2026-05-05T00:00:00.000,2026-055695 CC,0225170506,30.3185816,-97.69647167
8908 EAST DRIVE,Austin,TX,Travis,78753,Property Abatement,Active,2026-05-05T00:00:00.000,2026-056073 CC,0239170431,30.35576085,-97.6951191
6806 THORNCLIFFE DRIVE,Austin,TX,Travis,78731,Property Abatement,Active,2026-05-05T00:00:00.000,2026-056265 CC,0137020511,30.35117011,-97.75897751
BROWN LN and FERGUSON LN,Austin,TX,Travis,,Property Abatement,Active,2026-05-05T00:00:00.000,2026-055861 CC,,,
8207 COLONY LOOP DRIVE,Austin,TX,Travis,78724,Property Abatement,Active,2026-05-05T00:00:00.000,2026-056050 CC,0217380103,30.2967521,-97.62863819
6501 SHADOW VALLEY DRIVE,Austin,TX,Travis,78731,Property Abatement,Active,2026-05-05T00:00:00.000,2026-056283 CC,0137020509,30.35187191,-97.76133089
6004 GARDEN VIEW DRIVE,Austin,TX,Travis,78724,Property Abatement,Active,2026-05-05T00:00:00.000,2026-055694 CC,0215280639,30.29183094,-97.66072651
4968 MENDOZA DR,Austin,TX,Travis,,Property Abatement,Active,2026-05-05T00:00:00.000,2026-055814 CC,,,
4613 TANNEHILL LANE,Austin,TX,Travis,78721,Structure Condition Violation(s),Active,2026-05-05T00:00:00.000,2026-056300 CC,0210210901,30.28391493,-97.67048466
6208 LOST HORIZON DRIVE,Austin,TX,Travis,78759,Structure Condition Violation(s),Active,2026-05-05T00:00:00.000,2026-056344 CC,0158050305,30.40508642,-97.76865917
6305 SHADOW VALLEY DRIVE,Austin,TX,Travis,78731,Property Abatement,Active,2026-05-05T00:00:00.000,2026-056287 CC,0137020503,30.35101601,-97.759933
8527 N CAPITAL OF TEXAS HIGHWAY BLDG 8537 Unit 1074,Austin,TX,Travis,78759,Structure Condition Violation(s),Active,2026-05-05T00:00:00.000,2026-056034 CC,0150050125,30.38609729,-97.76435808
8845 EAST DRIVE,Austin,TX,Travis,78753,Property Abatement,Active,2026-05-05T00:00:00.000,2026-056107 CC,0238180230,30.35497471,-97.694741
5602 PONCIANA DRIVE,Austin,TX,Travis,78744,Property Abatement,Active,2026-05-05T00:00:00.000,2026-055584 CC,0418010411,30.19637309,-97.75704534
8527 N CAPITAL OF TEXAS HIGHWAY BLDG 8537 Unit 2074,Austin,TX,Travis,78759,Structure Condition Violation(s),Active,2026-05-05T00:00:00.000,2026-056040 CC,0150050125,30.38609729,-97.76435808
8410 BEECH DRIVE Unit 204,Austin,TX,Travis,78758,Structure Condition Violation(s),Active,2026-05-05T00:00:00.000,2026-056248 CC,0239101420,30.35831527,-97.71508367
6007 JAIN LANE,Austin,TX,Travis,78721,Property Abatement,Active,2026-05-05T00:00:00.000,2026-055561 CC,0204200858,30.25998073,-97.68253481
8527 N CAPITAL OF TEXAS HIGHWAY BLDG 8547 Unit 2096,Austin,TX,Travis,78759,Structure Condition Violation(s),Active,2026-05-05T00:00:00.000,2026-056077 CC,0150050125,30.38609729,-97.76435808
8116 FOREST HEIGHTS LANE,Austin,TX,Travis,78749,Property Abatement,Active,2026-05-05T00:00:00.000,2026-055692 CC,0414360778,30.21520869,-97.86520347
6815 THORNCLIFFE DRIVE,Austin,TX,Travis,78731,Property Abatement,Active,2026-05-05T00:00:00.000,2026-056274 CC,0137021111,30.35251796,-97.7600832
2008 IROQUOIS LANE,Austin,TX,Travis,78741,Property Abatement,Active,2026-05-05T00:00:00.000,2026-055658 CC,0308041312,30.22791178,-97.73611449
8527 N CAPITAL OF TEXAS HIGHWAY BLDG 8523 Unit 1048,Austin,TX,Travis,78759,Structure Condition Violation(s),Active,2026-05-05T00:00:00.000,2026-055964 CC,0150050125,30.38609729,-97.76435808
8527 N CAPITAL OF TEXAS HIGHWAY BLDG 8547 Unit 1095,Austin,TX,Travis,78759,Structure Condition Violation(s),Active,2026-05-05T00:00:00.000,2026-056067 CC,0150050125,30.38609729,-97.76435808
4501 E RIVERSIDE DRIVE BLDG 7 Unit 2042,Austin,TX,Travis,78741,Structure Condition Violation(s),Active,2026-05-05T00:00:00.000,2026-056202 CC,0307010202,30.23258831,-97.72209348
6309 TARA DRIVE,Austin,TX,Travis,78744,Property Abatement,Active,2026-05-04T00:00:00.000,2026-055511 CC,0332030810,30.16341712,-97.74319353
7300-7411 ONION CREEK DRIVE,Austin,TX,Travis,,Property Abatement,Active,2026-05-04T00:00:00.000,2026-055311 CC,,,
2313 SULLY CREEK DRIVE,Austin,TX,Travis,78748,Property Abatement,Active,2026-05-04T00:00:00.000,2026-055491 CC,0440280208,30.14544502,-97.84966264
6708 KROLLTON DRIVE,Austin,TX,Travis,78745,Property Abatement,Active,2026-05-04T00:00:00.000,2026-055052 CC,0415191127,30.20721282,-97.81221749
6807 SHOAL CREEK BOULEVARD,Austin,TX,Travis,78757,Property Abatement,Active,2026-05-04T00:00:00.000,2026-054914 CC,0235010712,30.34875091,-97.74509529
5426 MENCHACA ROAD Unit 230,Austin,TX,Travis,78745,Structure Condition Violation(s),Active,2026-05-04T00:00:00.000,2026-055191 CC,0414131302,30.21682944,-97.79697802
8915 GEORGIAN DRIVE,Austin,TX,Travis,78753,Property Abatement,Active,2026-05-04T00:00:00.000,2026-055098 CC,0239170416,30.35658625,-97.69553418
800 W 3RD STREET Unit 1331,Austin,TX,Travis,78701,Structure Condition Violation(s),Active,2026-05-04T00:00:00.000,2026-055131 CC,0107001305,30.26836453,-97.75248798
5001 CRAINWAY DRIVE,Austin,TX,Travis,78724,Property Abatement,Active,2026-05-04T00:00:00.000,2026-055150 CC,0226210201,30.3190283,-97.65763354
2206 NUECES STREET,Austin,TX,Travis,78705,Structure Condition Violation(s),Active,2026-05-04T00:00:00.000,2026-055291 CC,0212010347,30.28586629,-97.7441036
1713 CINNAMON PATH,Austin,TX,Travis,78704,Property Abatement,Active,2026-05-04T00:00:00.000,2026-055106 CC,0404070807,30.24178443,-97.77644253
11701 METRIC BOULEVARD,Austin,TX,Travis,78758,Structure Condition Violation(s),Active,2026-05-04T00:00:00.000,2026-055413 CC,0254130549,30.39602299,-97.70513789
12608 HUNTERS CHASE DRIVE,Austin,TX,Travis,78729,Property Abatement,Active,2026-05-04T00:00:00.000,2026-054968 CC,R090254,30.44729979,-97.76995537
1417 S 1ST STREET,Austin,TX,Travis,78704,Property Abatement,Active,2026-05-04T00:00:00.000,2026-055232 CC,0101000102,30.2501101,-97.75451232
2103 HOLLY STREET,Austin,TX,Travis,78702,Property Abatement,Active,2026-05-04T00:00:00.000,2026-055041 CC,0200080302,30.25230365,-97.72348646
600 W CADDO STREET,Austin,TX,Travis,78753,Property Abatement,Active,2026-05-04T00:00:00.000,2026-055493 CC,0250200203,30.38556332,-97.68267994
10517 ARCHDALE DRIVE,Austin,TX,Travis,78748,Property Abatement,Active,2026-05-04T00:00:00.000,2026-055469 CC,0436150214,30.15786783,-97.81321979
7415 VINTAGE HILLS DRIVE,Austin,TX,Travis,78723,Property Abatement,Active,2026-05-04T00:00:00.000,2026-055421 CC,0225250847,30.31972293,-97.66655128
E CESAR CHAVEZ ST and COMAL ST,Austin,TX,Travis,,Structure Condition Violation(s),Active,2026-05-04T00:00:00.000,2026-055190 CC,,,
911 E 2ND STREET,Austin,TX,Travis,78702,Property Abatement,Active,2026-05-04T00:00:00.000,2026-055230 CC,0204050607,30.26132791,-97.73446468
2600 E 7TH STREET,Austin,TX,Travis,78702,Property Abatement,Active,2026-05-04T00:00:00.000,2026-055456 CC,0203110520,30.26097679,-97.71250195
1044 NORWOOD PARK BOULEVARD,Austin,TX,Travis,78753,Structure Condition Violation(s),Active,2026-05-04T00:00:00.000,2026-055222 CC,0231180607,30.3365449,-97.69155742
10346 BLUE BLUFF ROAD,Austin,TX,Travis,78724,Property Abatement,Active,2026-05-03T00:00:00.000,2026-054868 CC,0227520102,30.32161514,-97.58361307
205 E MONROE STREET,Austin,TX,Travis,78704,Structure Condition Violation(s),Active,2026-05-03T00:00:00.000,2026-054832 CC,0302000906,30.24736442,-97.74873782
8716 TALLWOOD DRIVE,Austin,TX,Travis,78759,Property Abatement,Active,2026-05-03T00:00:00.000,2026-054856 CC,0247010130,30.37934217,-97.74600622
11933 ROSETHORN DRIVE,Austin,TX,Travis,78758,Property Abatement,Active,2026-05-03T00:00:00.000,2026-054834 CC,0256160204,30.40013221,-97.69991435
4431 WHISPERING VALLEY DRIVE,Austin,TX,Travis,78759,Property Abatement,Active,2026-05-03T00:00:00.000,2026-054870 CC,0260060222,30.4148347,-97.72978659
6810 S 1ST STREET Unit 104,Austin,TX,Travis,78745,Structure Condition Violation(s),Active,2026-05-03T00:00:00.000,2026-054880 CC,0419120506,30.19535891,-97.78926547
1012 SPENCE STREET,Austin,TX,Travis,78702,Property Abatement,Active,2026-05-03T00:00:00.000,2026-054823 CC,0203040921,30.25871214,-97.73431965
1016 SPENCE STREET,Austin,TX,Travis,78702,Property Abatement,Active,2026-05-03T00:00:00.000,2026-054824 CC,0203040919,30.25861853,-97.73404337
2901 BARTON SKYWAY,Austin,TX,Travis,78746,Structure Condition Violation(s),Active,2026-05-03T00:00:00.000,2026-054822 CC,0104130201,30.25873031,-97.78949026
4010 N LAMAR BOULEVARD,Austin,TX,Travis,78756,Structure Condition Violation(s),Active,2026-05-03T00:00:00.000,2026-054872 CC,0221021409,30.30878491,-97.74124758
107 W O DELL STREET,Austin,TX,Travis,78752,Property Abatement,Active,2026-05-03T00:00:00.000,2026-054873 CC,0232120907,30.33661681,-97.71033294
5701 WOODVIEW AVENUE,Austin,TX,Travis,78756,Property Abatement,Active,2026-05-03T00:00:00.000,2026-054865 CC,0231020609,30.33365282,-97.7442067
12166 METRIC BOULEVARD,Austin,TX,Travis,78758,Property Abatement,Active,2026-05-03T00:00:00.000,2026-054885 CC,0258160701,30.4067901,-97.69786669
5407 VIEWPOINT DRIVE,Austin,TX,Travis,78744,Property Abatement,Active,2026-05-03T00:00:00.000,2026-054891 CC,0318060223,30.20045269,-97.73151746
2211 ROUNTREE DRIVE,Austin,TX,Travis,78722,Property Abatement,Active,2026-05-03T00:00:00.000,2026-054886 CC,0212130705,30.28578251,-97.70754377
4604 ENGLEWO4604OD DRIVE,Austin,TX,Travis,78745,Work Without Permit,Active,2026-05-03T00:00:00.000,2026-054881 CC,0410081409,30.21875419,-97.77786289
4907 SCARSDALE DRIVE,Austin,TX,Travis,78744,Property Abatement,Active,2026-05-03T00:00:00.000,2026-054857 CC,0317020813,30.19973267,-97.74389169
1124 RUTLAND DRIVE Unit 95,Austin,TX,Travis,78758,Structure Condition Violation(s),Active,2026-05-02T00:00:00.000,2026-054778 CC,0243160302,30.36871033,-97.70372535
WALNUT HILLS DR and MANOR RD,Austin,TX,Travis,,Property Abatement,Active,2026-05-02T00:00:00.000,2026-054770 CC,,,
312 W 39TH STREET,Austin,TX,Travis,78751,Property Abatement,Active,2026-05-02T00:00:00.000,2026-054803 CC,0219050801,30.30326538,-97.73515473
4503 CRAIGWOOD DRIVE,Austin,TX,Travis,78725,Property Abatement,Active,2026-05-02T00:00:00.000,2026-054755 CC,0211280125,30.27991347,-97.6604607
4693 RED BLUFF RD,Austin,TX,Travis,,Property Abatement,Active,2026-05-02T00:00:00.000,2026-054765 CC,,,
1301 CROSSING PLACE 1413,Austin,TX,Travis,78741,Structure Condition Violation(s),Active,2026-05-02T00:00:00.000,2026-054771 CC,0307110137,30.23653697,-97.71329824
5100 QUICKSILVER BLVD,Austin,TX,Travis,78744,Property Abatement,Active,2026-05-02T00:00:00.000,2026-054783 CC,0430010607,30.17282181,-97.75347589
1901 WILLOW CREEK DRIVE Unit 204,Austin,TX,Travis,78741,Structure Condition Violation(s),Active,2026-05-02T00:00:00.000,2026-054802 CC,0306070104,30.2339437,-97.72787537
12113 DESSAU ROAD,Austin,TX,Travis,78754,Property Abatement,Active,2026-05-02T00:00:00.000,2026-054772 CC,0250300105,30.38322269,-97.64986915
4001 AVENUE B,Austin,TX,Travis,78751,Property Abatement,Active,2026-05-02T00:00:00.000,2026-054804 CC,0219050901,30.3043986,-97.73434447
4804 TOURNUS TRAIL,Austin,TX,Travis,78744,Property Abatement,Active,2026-05-02T00:00:00.000,2026-054779 CC,0426011403,30.17892845,-97.75284118
11107 SENTINEL DRIVE,Austin,TX,Travis,78747,Property Abatement,Active,2026-05-02T00:00:00.000,2026-054800 CC,0445031610,30.13035689,-97.7638511
606 BLUE VALLEY DRIVE,Austin,TX,Travis,78745,Property Abatement,Active,2026-05-02T00:00:00.000,2026-054766 CC,0424000203,30.18263866,-97.79244317
8400 VALLEYFIELD DRIVE,Austin,TX,Travis,78724,Property Abatement,Active,2026-05-01T00:00:00.000,2026-054466 CC,0219400210,30.29956248,-97.62470516
1070 MEARNS MEADOW BOULEVARD Unit 916,Austin,TX,Travis,78758,Structure Condition Violation(s),Active,2026-05-01T00:00:00.000,2026-054691 CC,0243160501,30.36948655,-97.69959977
11441 N IH 35 SERVICE ROAD,Austin,TX,Travis,78753,Structure Condition Violation(s),Active,2026-05-01T00:00:00.000,2026-054253 CC,0247230816,30.37919393,-97.67300529
6802 WENTWORTH DRIVE,Austin,TX,Travis,78724,Property Abatement,Active,2026-05-01T00:00:00.000,2026-054429 CC,0217380121,30.29456901,-97.63088947
2101 BURTON DRIVE BLDG 07 UNIT 2033,Austin,TX,Travis,78741,Structure Condition Violation(s),Active,2026-05-01T00:00:00.000,2026-054644 CC,0307050309,30.23256094,-97.73196691
VERMILLION DR and CONVICT HILL RD,Austin,TX,Travis,,Property Abatement,Active,2026-05-01T00:00:00.000,2026-054451 CC,,,
8104 VALLEYFIELD DRIVE,Austin,TX,Travis,78724,Property Abatement,Active,2026-05-01T00:00:00.000,2026-054459 CC,0219380101,30.29952114,-97.62847818
7033 E US 290 HWY SERVICE ROAD EB BLDG. 23 UNIT 223M,Austin,TX,Travis,78723,Structure Condition Violation(s),Active,2026-05-01T00:00:00.000,2026-054244 CC,0225200203,30.32048526,-97.68608137
6507 E RIVERSIDE DRIVE Unit 1317,Austin,TX,Travis,78741,Structure Condition Violation(s),Active,2026-05-01T00:00:00.000,2026-054391 CC,0310140129,30.22357444,-97.70121906
8109 COLONY LOOP DRIVE,Austin,TX,Travis,78724,Property Abatement,Active,2026-05-01T00:00:00.000,2026-054401 CC,0219380601,30.2974756,-97.62916625
11409 SATCHEL DRIVE,Austin,TX,Travis,78754,Property Abatement,Active,2026-05-01T00:00:00.000,2026-054672 CC,0245281603,30.37426336,-97.65704943
2707 BENBROOK DRIVE,Austin,TX,Travis,78757,Work Without Permit,Active,2026-05-01T00:00:00.000,2026-054633 CC,0244051466,30.36984402,-97.73221283
7207 E MEADOW BEND DRIVE,Austin,TX,Travis,78724,Property Abatement,Active,2026-05-01T00:00:00.000,2026-054489 CC,0219400508,30.29839052,-97.6257333
6900 WENTWORTH DRIVE,Austin,TX,Travis,78724,Property Abatement,Active,2026-05-01T00:00:00.000,2026-054434 CC,0217380116,30.29528141,-97.63010885
3103 STECK AVENUE,Austin,TX,Travis,78757,Structure Condition Violation(s),Active,2026-05-01T00:00:00.000,2026-054671 CC,0241040420,30.3651279,-97.73645691
8202 COLONY LOOP DRIVE,Austin,TX,Travis,78724,Property Abatement,Active,2026-05-01T00:00:00.000,2026-054403 CC,0217380211,30.29712274,-97.62821576
949 COMAL ST,Austin,TX,Travis,,Property Abatement,Active,2026-05-01T00:00:00.000,2026-054380 CC,,,
415 MONTOPOLIS DRIVE,Austin,TX,Travis,78741,Property Abatement,Active,2026-05-01T00:00:00.000,2026-054617 CC,0303170539,30.24039905,-97.69323415
8407 GARCREEK CIRCLE,Austin,TX,Travis,78724,Property Abatement,Active,2026-05-01T00:00:00.000,2026-054425 CC,0217380407,30.29418615,-97.62864671
8108 CAMBRAY DRIVE,Austin,TX,Travis,78724,Property Abatement,Active,2026-05-01T00:00:00.000,2026-054456 CC,0219380201,30.29966859,-97.62803664
12107 SWALLOW DRIVE,Austin,TX,Travis,78750,Property Abatement,Active,2026-05-01T00:00:00.000,2026-054501 CC,R078304,30.44969168,-97.79718898
4308 HANK AVENUE,Austin,TX,Travis,78745,Property Abatement,Active,2026-05-01T00:00:00.000,2026-054367 CC,0408080109,30.22561027,-97.77977178
8303 RIVERSTONE DRIVE,Austin,TX,Travis,78724,Property Abatement,Active,2026-05-01T00:00:00.000,2026-054387 CC,0217380507,30.29297304,-97.63007208
744 W WILLIAM CANNON DRIVE,Austin,TX,Travis,78745,Property Abatement,Active,2026-05-01T00:00:00.000,2026-054377 CC,0419120118,30.19835661,-97.78925936
6804 WENTWORTH DRIVE,Austin,TX,Travis,78724,Property Abatement,Active,2026-05-01T00:00:00.000,2026-054431 CC,0217380120,30.29474488,-97.63075143
8109 VIEW RIDGE DRIVE,Austin,TX,Travis,78724,Property Abatement,Active,2026-05-01T00:00:00.000,2026-054475 CC,0219380417,30.29824812,-97.62836806
12621 HYMEADOW DRIVE,Austin,TX,Travis,78729,Structure Condition Violation(s),Active,2026-05-01T00:00:00.000,2026-054477 CC,R379578,30.45798345,-97.79062999
2500 WESTOVER ROAD,Austin,TX,Travis,78703,Structure Condition Violation(s),Active,2026-05-01T00:00:00.000,2026-054627 CC,0118040111,30.30224474,-97.76201004
6404-6515 FELIX AVENUE,Austin,TX,Travis,,Property Abatement,Active,2026-05-01T00:00:00.000,2026-054531 CC,,,
12707 POND WOODS ROAD,Austin,TX,Travis,78729,Structure Condition Violation(s),Active,2026-05-01T00:00:00.000,2026-054495 CC,R577682,30.45803897,-97.78964179
518 SUNNY LANE,Austin,TX,Travis,78704,Structure Condition Violation(s),Active,2026-05-01T00:00:00.000,2026-054540 CC,0201030112,30.25168642,-97.74185532
8307 VALLEYFIELD DRIVE,Austin,TX,Travis,78724,Property Abatement,Active,2026-05-01T00:00:00.000,2026-054464 CC,0219400403,30.29945465,-97.62532943
1012 W SLAUGHTER LANE,Austin,TX,Travis,78748,Property Abatement,Active,2026-05-01T00:00:00.000,2026-054572 CC,0430150401,30.17438868,-97.81000655
8405 RIVERSTONE DRIVE,Austin,TX,Travis,78724,Property Abatement,Active,2026-05-01T00:00:00.000,2026-054396 CC,0217380514,30.29319225,-97.6283386
6906 WENTWORTH DRIVE,Austin,TX,Travis,78724,Property Abatement,Active,2026-05-01T00:00:00.000,2026-054441 CC,0217380113,30.29562424,-97.62954141
2812 NUECES STREET,Austin,TX,Travis,78705,Property Abatement,Active,2026-05-01T00:00:00.000,2026-054713 CC,0215020623,30.29434033,-97.74302687
2800 W 44TH STREET,Austin,TX,Travis,78731,Property Abatement,Active,2026-05-01T00:00:00.000,2026-054568 CC,0126011109,30.31992868,-97.75417121
6001 W PARMER LANE,Austin,TX,Travis,78727,Property Abatement,Active,2026-05-01T00:00:00.000,2026-054612 CC,0270001703,30.4414522,-97.7425389
6810 WENTWORTH DRIVE,Austin,TX,Travis,78724,Property Abatement,Active,2026-05-01T00:00:00.000,2026-054436 CC,0217380117,30.2951695,-97.63027997
11411 POWDER MILL TRAIL,Austin,TX,Travis,78750,Property Abatement,Active,2026-05-01T00:00:00.000,2026-054418 CC,R076433,30.46026501,-97.81570599
8311 COLONY LOOP DRIVE,Austin,TX,Travis,78724,Property Abatement,Active,2026-05-01T00:00:00.000,2026-054409 CC,0217380316,30.29543554,-97.62802851
1521 ANISE DRIVE,Austin,TX,Travis,78741,Property Abatement,Active,2026-05-01T00:00:00.000,2026-054701 CC,0310180202,30.22386537,-97.69343906
6708 WENTWORTH DRIVE,Austin,TX,Travis,78724,Property Abatement,Active,2026-05-01T00:00:00.000,2026-054428 CC,0217380124,30.29405335,-97.63121769
6806 WENTWORTH DRIVE,Austin,TX,Travis,78724,Property Abatement,Active,2026-05-01T00:00:00.000,2026-054433 CC,0217380119,30.29489888,-97.63062034
12403 MELLOW MEADOW DRIVE Unit 17102,Austin,TX,Travis,78750,Structure Condition Violation(s),Active,2026-05-01T00:00:00.000,2026-054718 CC,R056943,30.45652127,-97.79606136
8403 RIVERSTONE DRIVE,Austin,TX,Travis,78724,Property Abatement,Active,2026-05-01T00:00:00.000,2026-054392 CC,0217380513,30.29310615,-97.62855971
5205 ROGERS LANE,Austin,TX,Travis,78724,Property Abatement,Active,2026-04-30T00:00:00.000,2026-053810 CC,0211330202,30.27964707,-97.6432606
10707 LAKE CREEK PARKWAY,Austin,TX,Travis,78750,Structure Condition Violation(s),Active,2026-04-30T00:00:00.000,2026-054111 CC,R075469,30.45475061,-97.80558736
1100 REINLI STREET BLDG. 1 UNIT 226,Austin,TX,Travis,78723,Structure Condition Violation(s),Active,2026-04-30T00:00:00.000,2026-054146 CC,0224140116,30.31702008,-97.70333336
2602 CARLOW DRIVE,Austin,TX,Travis,78745,Property Abatement,Active,2026-04-30T00:00:00.000,2026-054233 CC,0413200513,30.21293334,-97.81109602
6624 DOYAL DRIVE,Austin,TX,Travis,78747,Property Abatement,Active,2026-04-30T00:00:00.000,2026-053575 CC,0336031243,30.15362366,-97.74171851
8308 PEACEFUL HILL LANE,Austin,TX,Travis,78748,Property Abatement,Active,2026-04-30T00:00:00.000,2026-053677 CC,0428110111,30.17737143,-97.79089761
810 E 13TH STREET,Austin,TX,Travis,78702,Property Abatement,Active,2026-04-30T00:00:00.000,2026-054129 CC,0209060109,30.27350942,-97.73068285
1401 KAMAR DRIVE,Austin,TX,Travis,78757,Property Abatement,Active,2026-04-30T00:00:00.000,2026-054004 CC,0239100609,30.35616099,-97.71774272
3110 GUADALUPE STREET,Austin,TX,Travis,78705,Structure Condition Violation(s),Active,2026-04-30T00:00:00.000,2026-054191 CC,0217020510,30.29855342,-97.74110083
8527 N CAPITAL OF TEXAS HIGHWAY BLDG 8553,Austin,TX,Travis,78759,Structure Condition Violation(s),Active,2026-04-30T00:00:00.000,2026-054031 CC,0150050125,30.38609729,-97.76435808
8527 N CAPITAL OF TEXAS HIGHWAY BLDG 8511,Austin,TX,Travis,78759,Structure Condition Violation(s),Active,2026-04-30T00:00:00.000,2026-053926 CC,0150050125,30.38609729,-97.76435808
8527 N CAPITAL OF TEXAS HIGHWAY BLDG 8541,Austin,TX,Travis,78759,Structure Condition Violation(s),Active,2026-04-30T00:00:00.000,2026-054005 CC,0150050125,30.38609729,-97.76435808
8527 N CAPITAL OF TEXAS HIGHWAY BLDG 8555,Austin,TX,Travis,78759,Structure Condition Violation(s),Active,2026-04-30T00:00:00.000,2026-054044 CC,0150050125,30.38609729,-97.76435808
2239 CROMWELL CIRCLE Unit 503,Austin,TX,Travis,78741,Structure Condition Violation(s),Active,2026-04-30T00:00:00.000,2026-053955 CC,0307110310,30.22840368,-97.71838693
1618 PALMA PLAZA,Austin,TX,Travis,78703,Property Abatement,Active,2026-04-30T00:00:00.000,2026-053883 CC,0111030809,30.28258897,-97.75972274
8527 N CAPITAL OF TEXAS HIGHWAY BLDG 8513,Austin,TX,Travis,78759,Structure Condition Violation(s),Active,2026-04-30T00:00:00.000,2026-053938 CC,0150050125,30.38609729,-97.76435808
8527 N CAPITAL OF TEXAS HIGHWAY BLDG 8509,Austin,TX,Travis,78759,Structure Condition Violation(s),Active,2026-04-30T00:00:00.000,2026-053921 CC,0150050125,30.38609729,-97.76435808
300 FERGUSON DRIVE Unit 4104,Austin,TX,Travis,78753,Structure Condition Violation(s),Active,2026-04-30T00:00:00.000,2026-054128 CC,0245210104,30.37632539,-97.68510677
8527 N CAPITAL OF TEXAS HIGHWAY BLDG 8559,Austin,TX,Travis,78759,Structure Condition Violation(s),Active,2026-04-30T00:00:00.000,2026-054052 CC,0150050125,30.38609729,-97.76435808
8527 N CAPITAL OF TEXAS HIGHWAY BLDG 8529,Austin,TX,Travis,78759,Structure Condition Violation(s),Active,2026-04-30T00:00:00.000,2026-053964 CC,0150050125,30.38609729,-97.76435808
8527 N CAPITAL OF TEXAS HIGHWAY Office,Austin,TX,Travis,78759,Structure Condition Violation(s),Active,2026-04-30T00:00:00.000,2026-054061 CC,0150050125,30.38609729,-97.76435808
8527 N CAPITAL OF TEXAS HIGHWAY BLDG 8551,Austin,TX,Travis,78759,Structure Condition Violation(s),Active,2026-04-30T00:00:00.000,2026-054025 CC,0150050125,30.38609729,-97.76435808
8527 N CAPITAL OF TEXAS HIGHWAY BLDG 8533,Austin,TX,Travis,78759,Structure Condition Violation(s),Active,2026-04-30T00:00:00.000,2026-053972 CC,0150050125,30.38609729,-97.76435808
8527 N CAPITAL OF TEXAS HIGHWAY BLDG 8547,Austin,TX,Travis,78759,Structure Condition Violation(s),Active,2026-04-30T00:00:00.000,2026-054018 CC,0150050125,30.38609729,-97.76435808
12812 HYMEADOW DRIVE,Austin,TX,Travis,78729,Property Abatement,Active,2026-04-30T00:00:00.000,2026-054204 CC,R057055,30.45990881,-97.78938705
1600 KERR STREET,Austin,TX,Travis,78704,Work Without Permit,Active,2026-04-30T00:00:00.000,2026-053894 CC,0104040313,30.25879235,-97.76434265
8527 N CAPITAL OF TEXAS HIGHWAY BLDG 8545,Austin,TX,Travis,78759,Structure Condition Violation(s),Active,2026-04-30T00:00:00.000,2026-054013 CC,0150050125,30.38609729,-97.76435808
401 W 38TH STREET,Austin,TX,Travis,78705,Property Abatement,Active,2026-04-30T00:00:00.000,2026-054145 CC,0218040107,30.30173426,-97.73655255
1011 LAMBIE STREET,Austin,TX,Travis,78702,Property Abatement,Active,2026-04-30T00:00:00.000,2026-053873 CC,0201040606,30.25547358,-97.73601306
8527 N CAPITAL OF TEXAS HIGHWAY BLDG 8517,Austin,TX,Travis,78759,Structure Condition Violation(s),Active,2026-04-30T00:00:00.000,2026-053952 CC,0150050125,30.38609729,-97.76435808
8527 N CAPITAL OF TEXAS HIGHWAY BLDG 8521,Austin,TX,Travis,78759,Structure Condition Violation(s),Active,2026-04-30T00:00:00.000,2026-053959 CC,0150050125,30.38609729,-97.76435808
8527 N CAPITAL OF TEXAS HIGHWAY BLDG 8501,Austin,TX,Travis,78759,Structure Condition Violation(s),Active,2026-04-30T00:00:00.000,2026-053902 CC,0150050125,30.38609729,-97.76435808
8527 N CAPITAL OF TEXAS HIGHWAY BLDG 8525,Austin,TX,Travis,78759,Structure Condition Violation(s),Active,2026-04-30T00:00:00.000,2026-053997 CC,0150050125,30.38609729,-97.76435808
1222 ALGARITA AVENUE Unit 303,Austin,TX,Travis,78704,Structure Condition Violation(s),Active,2026-04-30T00:00:00.000,2026-053705 CC,0304020541,30.23781689,-97.7414673
3703 HARMON AVENUE,Austin,TX,Travis,78705,Work Without Permit,Active,2026-04-30T00:00:00.000,2026-054114 CC,0215080805,30.29405523,-97.72098513
2020 S CONGRESS AVENUE,Austin,TX,Travis,78704,Structure Condition Violation(s),Active,2026-04-30T00:00:00.000,2026-054205 CC,0402012001,30.24334284,-97.75239092
2121 DICKSON DRIVE,Austin,TX,Travis,78704,Structure Condition Violation(s),Active,2026-04-30T00:00:00.000,2026-054221 CC,0401090168,30.24633121,-97.78129556
8527 N CAPITAL OF TEXAS HIGHWAY BLDG 8507,Austin,TX,Travis,78759,Structure Condition Violation(s),Active,2026-04-30T00:00:00.000,2026-053916 CC,0150050125,30.38609729,-97.76435808
1103 VILLAGE GREEN DRIVE,Austin,TX,Travis,78753,Property Abatement,Active,2026-04-30T00:00:00.000,2026-053866 CC,0239200707,30.35532112,-97.68219805
8527 N CAPITAL OF TEXAS HIGHWAY BLDG 8503,Austin,TX,Travis,78759,Structure Condition Violation(s),Active,2026-04-30T00:00:00.000,2026-053909 CC,0150050125,30.38609729,-97.76435808
8527 N CAPITAL OF TEXAS HIGHWAY BLDG 8515,Austin,TX,Travis,78759,Structure Condition Violation(s),Active,2026-04-30T00:00:00.000,2026-053943 CC,0150050125,30.38609729,-97.76435808
8527 N CAPITAL OF TEXAS HIGHWAY BLDG 8519,Austin,TX,Travis,78759,Structure Condition Violation(s),Active,2026-04-30T00:00:00.000,2026-053954 CC,0150050125,30.38609729,-97.76435808
8527 N CAPITAL OF TEXAS HIGHWAY BLDG 8523,Austin,TX,Travis,78759,Structure Condition Violation(s),Active,2026-04-30T00:00:00.000,2026-053986 CC,0150050125,30.38609729,-97.76435808
8527 N CAPITAL OF TEXAS HIGHWAY BLDG 8543,Austin,TX,Travis,78759,Structure Condition Violation(s),Active,2026-04-30T00:00:00.000,2026-054011 CC,0150050125,30.38609729,-97.76435808
8527 N CAPITAL OF TEXAS HIGHWAY BLDG 8549,Austin,TX,Travis,78759,Structure Condition Violation(s),Active,2026-04-30T00:00:00.000,2026-054021 CC,0150050125,30.38609729,-97.76435808
8527 N CAPITAL OF TEXAS HIGHWAY BLDG 8531,Austin,TX,Travis,78759,Structure Condition Violation(s),Active,2026-04-30T00:00:00.000,2026-053969 CC,0150050125,30.38609729,-97.76435808
500 E BEN WHITE BLVD SVRD EB D800,Austin,TX,Travis,,Structure Condition Violation(s),Active,2026-04-30T00:00:00.000,2026-053857 CC,,,
9218 BALCONES CLUB DRIVE Unit 2914,Austin,TX,Travis,,Structure Condition Violation(s),Active,2026-04-30T00:00:00.000,2026-053803 CC,,,
3500 ALPINE CIRCLE,Austin,TX,Travis,78704,Property Abatement,Active,2026-04-30T00:00:00.000,2026-053799 CC,0407030275,30.2300082,-97.76232111
8527 N CAPITAL OF TEXAS HIGHWAY BLDG 8505,Austin,TX,Travis,78759,Structure Condition Violation(s),Active,2026-04-30T00:00:00.000,2026-053914 CC,0150050125,30.38609729,-97.76435808
8527 N CAPITAL OF TEXAS HIGHWAY BLDG 8535,Austin,TX,Travis,78759,Structure Condition Violation(s),Active,2026-04-30T00:00:00.000,2026-053976 CC,0150050125,30.38609729,-97.76435808
1108 VILLAGE GREEN DRIVE,Austin,TX,Travis,78753,Property Abatement,Active,2026-04-30T00:00:00.000,2026-053867 CC,0238220417,30.35561071,-97.68170486
8527 N CAPITAL OF TEXAS HIGHWAY BLDG 8539,Austin,TX,Travis,78759,Structure Condition Violation(s),Active,2026-04-30T00:00:00.000,2026-054000 CC,0150050125,30.38609729,-97.76435808
8527 N CAPITAL OF TEXAS HIGHWAY BLDG 8537,Austin,TX,Travis,78759,Structure Condition Violation(s),Active,2026-04-30T00:00:00.000,2026-053980 CC,0150050125,30.38609729,-97.76435808
4601 N LAMAR BOULEVARD,Austin,TX,Travis,78751,Structure Condition Violation(s),Active,2026-04-30T00:00:00.000,2026-053760 CC,0224040501,30.31501704,-97.73546934
1010 SPRINGDALE RD,Austin,TX,Travis,78721,Property Abatement,Active,2026-04-30T00:00:00.000,2026-054179 CC,0206150301,30.2673047,-97.6953152
11810 RAIN FOREST COVE,Austin,TX,Travis,78759,Property Abatement,Active,2026-04-30T00:00:00.000,2026-054070 CC,0164011212,30.42170829,-97.75159062
1500 ROYAL CREST DRIVE,Austin,TX,Travis,78741,Structure Condition Violation(s),Active,2026-04-30T00:00:00.000,2026-054229 CC,0304070208,30.24089004,-97.73026008
903 E 46TH STREET,Austin,TX,Travis,78751,Property Abatement,Active,2026-04-30T00:00:00.000,2026-053734 CC,0220101410,30.30593282,-97.71849864
501 N IH 35 SERVICE ROAD,Austin,TX,Travis,78702,Structure Condition Violation(s),Active,2026-04-30T00:00:00.000,2026-054072 CC,0204050516,30.26488176,-97.73421376
2823 E MARTIN LUTHER KING JR BOULEVARD Unit 1349,Austin,TX,Travis,78702,Structure Condition Violation(s),Active,2026-04-30T00:00:00.000,2026-054173 CC,0212121401,30.28113543,-97.71041451
6705 ESTHER DRIVE,Austin,TX,Travis,78752,Property Abatement,Active,2026-04-30T00:00:00.000,2026-053583 CC,0229111004,30.33152207,-97.71404792
1000 REBBECA DRIVE,Austin,TX,Travis,78758,Structure Condition Violation(s),Active,2026-04-30T00:00:00.000,2026-053885 CC,0252181026,30.38820076,-97.68746772
5700 N LAMAR BOULEVARD,Austin,TX,Travis,78756,Property Abatement,Active,2026-04-30T00:00:00.000,2026-053752 CC,0228070101,30.32651848,-97.72656438
3501 ALPINE CIRCLE,Austin,TX,Travis,78704,Property Abatement,Active,2026-04-30T00:00:00.000,2026-053743 CC,0407030274,30.2298649,-97.76216973
5500 CLAY AVENUE,Austin,TX,Travis,78756,Structure Condition Violation(s),Active,2026-04-30T00:00:00.000,2026-053645 CC,0229030339,30.32893866,-97.73930476
7685 NORTHCROSS DRIVE,Austin,TX,Travis,78757,Structure Condition Violation(s),Active,2026-04-30T00:00:00.000,2026-054152 CC,0239040401,30.35421839,-97.73569853
6008 GARDEN VIEW DRIVE,Austin,TX,Travis,78724,Property Abatement,Active,2026-04-30T00:00:00.000,2026-053974 CC,0215280637,30.29162374,-97.66041848
7108 BENNETT AVE,Austin,TX,Travis,78752,Property Abatement,Active,2026-04-30T00:00:00.000,2026-054215 CC,0229150112,30.33117269,-97.70101665
7105 TOWNSBOROUGH DRIVE,Austin,TX,Travis,78724,Property Abatement,Active,2026-04-30T00:00:00.000,2026-053957 CC,0219361516,30.30155122,-97.63985437
7522 N IH 35 SERVICE ROAD,Austin,TX,Travis,78752,Structure Condition Violation(s),Active,2026-04-30T00:00:00.000,2026-053565 CC,0232150122,30.33759555,-97.70266145
1109 S PLEASANT VALLEY ROAD 416,Austin,TX,Travis,78741,Structure Condition Violation(s),Active,2026-04-29T00:00:00.000,2026-053317 CC,0303090201,30.24136087,-97.71692105
6509 SUNDERLAND TRAIL,Austin,TX,Travis,78747,Property Abatement,Active,2026-04-29T00:00:00.000,2026-053537 CC,0338001101,30.14843104,-97.74579449
3001 PARKER LANE,Austin,TX,Travis,78741,Property Abatement,Active,2026-04-29T00:00:00.000,2026-053042 CC,0309020504,30.22517702,-97.74149928
300 FERGUSON DRIVE,Austin,TX,Travis,78753,Structure Condition Violation(s),Active,2026-04-29T00:00:00.000,2026-053270 CC,0245210104,30.37632539,-97.68510677
6502 MIDDLEHAM PLACE,Austin,TX,Travis,78745,Work Without Permit,Active,2026-04-29T00:00:00.000,2026-052997 CC,0418120404,30.20010421,-97.78834895
1700 WINDOAK DRIVE,Austin,TX,Travis,78741,Work Without Permit,Active,2026-04-29T00:00:00.000,2026-053451 CC,0305031023,30.23513892,-97.73757036
7104 GUADALUPE STREET,Austin,TX,Travis,78752,Property Abatement,Active,2026-04-29T00:00:00.000,2026-053151 CC,0233100418,30.33713027,-97.71513544
12310 RUSTIC MANOR COURT,Austin,TX,Travis,78750,Property Abatement,Active,2026-04-29T00:00:00.000,2026-053163 CC,R066088,30.46067586,-97.80901971
702 LAMAR PLACE Unit 111,Austin,TX,Travis,78752,Structure Condition Violation(s),Active,2026-04-29T00:00:00.000,2026-053195 CC,0229080705,30.33148997,-97.72164243
4502 SHERWYN DRIVE,Austin,TX,Travis,78725,Property Abatement,Active,2026-04-29T00:00:00.000,2026-053272 CC,0211280203,30.28099025,-97.66237348
2613 E 5TH STREET,Austin,TX,Travis,78702,Property Abatement,Active,2026-04-29T00:00:00.000,2026-053123 CC,0202110907,30.25694094,-97.71285228
4102 VALLEY VIEW RD,Austin,TX,Travis,78704,Property Abatement,Active,2026-04-29T00:00:00.000,2026-052977 CC,0406100133,30.23130031,-97.78527811
1310 GARDEN STREET,Austin,TX,Travis,78702,Property Abatement,Active,2026-04-29T00:00:00.000,2026-053032 CC,0202050415,30.25712725,-97.73171055
421 THOMPSON LANE,Austin,TX,Travis,78742,Property Abatement,Active,2026-04-29T00:00:00.000,2026-053346 CC,0307210524,30.23937836,-97.68283109
2617 COATBRIDGE DRIVE,Austin,TX,Travis,78745,Property Abatement,Active,2026-04-29T00:00:00.000,2026-053210 CC,0412180613,30.21693439,-97.80911047
7513 MEADOWVIEW LANE,Austin,TX,Travis,78752,Property Abatement,Active,2026-04-29T00:00:00.000,2026-053049 CC,0232120202,30.34031102,-97.71008663
4110 TERRY O LANE,Austin,TX,Travis,78745,Property Abatement,Active,2026-04-29T00:00:00.000,2026-053199 CC,0411020211,30.21836293,-97.75778258
3400 ALDWYCHE DR,Austin,TX,Travis,78704,Property Abatement,Active,2026-04-29T00:00:00.000,2026-053514 CC,0404090304,30.23808266,-97.77975874
1500 S 1ST STREET,Austin,TX,Travis,78704,Structure Condition Violation(s),Active,2026-04-29T00:00:00.000,2026-053508 CC,0101011303,30.25016332,-97.75510647
1600 E 3RD STREET,Austin,TX,Travis,78702,Work Without Permit,Active,2026-04-29T00:00:00.000,2026-053164 CC,0204080201,30.26052444,-97.72659411
1901 WESTLAKE DRIVE,Austin,TX,Travis,78746,Work Without Permit,Active,2026-04-29T00:00:00.000,2026-053183 CC,0117110201,30.29934003,-97.79080651
2317 E OLTORF STREET BLDG 21 Unit 2112,Austin,TX,Travis,78741,Structure Condition Violation(s),Active,2026-04-29T00:00:00.000,2026-053402 CC,0308060106,30.22745335,-97.72857305
2609 E CESAR CHAVEZ STREET,Austin,TX,Travis,78702,Structure Condition Violation(s),Active,2026-04-29T00:00:00.000,2026-053221 CC,0200100604,30.25334829,-97.71470172
2207 WICKERSHAM LANE Unit 1213,Austin,TX,Travis,78741,Property Abatement,Active,2026-04-29T00:00:00.000,2026-053224 CC,0307110306,30.22899126,-97.72062928
1011 E 10TH STREET,Austin,TX,Travis,78702,Structure Condition Violation(s),Active,2026-04-29T00:00:00.000,2026-052970 CC,0206051104,30.26837806,-97.73045047
4807 DUVAL STREET,Austin,TX,Travis,78751,Property Abatement,Active,2026-04-29T00:00:00.000,2026-053265 CC,0221081504,30.31135477,-97.72151534
1910 E STASSNEY LANE,Austin,TX,Travis,78744,Property Abatement,Active,2026-04-28T00:00:00.000,2026-052477 CC,0421021504,30.19577174,-97.75846081
2005 WILLOW CREEK DRIVE,Austin,TX,Travis,78741,Structure Condition Violation(s),Active,2026-04-28T00:00:00.000,2026-052901 CC,0308060301,30.23205261,-97.72860737
7603 RUSTLING CIRCLE,Austin,TX,Travis,78731,Work Without Permit,Active,2026-04-28T00:00:00.000,2026-052254 CC,0142040623,30.36587983,-97.76450965
1905 E 22ND STREET,Austin,TX,Travis,78722,Property Abatement,Active,2026-04-28T00:00:00.000,2026-052319 CC,0211090804,30.28270222,-97.72127653
2302 ENFIELD RD,Austin,TX,Travis,,Structure Condition Violation(s),Active,2026-04-28T00:00:00.000,2026-052395 CC,,,
1005 E 10TH STREET,Austin,TX,Travis,78702,Property Abatement,Active,2026-04-28T00:00:00.000,2026-052354 CC,0206051102,30.268483,-97.73074231
1814 MARGARET STREET,Austin,TX,Travis,78704,Work Without Permit,Active,2026-04-28T00:00:00.000,2026-052520 CC,0102051617,30.25798398,-97.76860952
6030 BLUEBELL CIRCLE,Austin,TX,Travis,78741,Property Abatement,Active,2026-04-28T00:00:00.000,2026-052438 CC,0307150704,30.23045014,-97.70348634
6815 LANGSTON DRIVE,Austin,TX,Travis,78723,Property Abatement,Active,2026-04-28T00:00:00.000,2026-052269 CC,0224240612,30.31652808,-97.67110316
12816 HYMEADOW DRIVE,Austin,TX,Travis,78729,Property Abatement,Active,2026-04-28T00:00:00.000,2026-052914 CC,R057053,30.46023792,-97.78947916
701 WOODWARD STREET BLDG 09 Unit 911,Austin,TX,Travis,78704,Structure Condition Violation(s),Active,2026-04-28T00:00:00.000,2026-052670 CC,0410010440,30.2253837,-97.75214159
1500 ROYAL CREST DRIVE Unit 131,Austin,TX,Travis,78741,Structure Condition Violation(s),Active,2026-04-28T00:00:00.000,2026-052512 CC,0304070208,30.24089004,-97.73026008
4411 AIRPORT BOULEVARD BLDG 09 Unit 235,Austin,TX,Travis,78722,Structure Condition Violation(s),Active,2026-04-28T00:00:00.000,2026-052834 CC,0218110101,30.30116917,-97.71337881
2906 JADEWOOD COURT,Austin,TX,Travis,78748,Property Abatement,Active,2026-04-28T00:00:00.000,2026-052618 CC,0428250471,30.177952,-97.83984978
739 W WILLIAM CANNON DRIVE,Austin,TX,Travis,78745,Property Abatement,Active,2026-04-28T00:00:00.000,2026-052839 CC,0419120319,30.1974094,-97.78989537
4411 AIRPORT BOULEVARD BLDG 06 Unit 224,Austin,TX,Travis,78722,Structure Condition Violation(s),Active,2026-04-28T00:00:00.000,2026-052675 CC,0218110101,30.30116917,-97.71337881
8400 BEECH DRIVE,Austin,TX,Travis,78758,Structure Condition Violation(s),Active,2026-04-28T00:00:00.000,2026-052415 CC,0239101423,30.35791759,-97.71486928
6103 MANOR ROAD Unit 142,Austin,TX,Travis,78723,Structure Condition Violation(s),Active,2026-04-28T00:00:00.000,2026-052372 CC,0221220334,30.30755468,-97.67805181
10409 ANTELOPE RUN,Austin,TX,Travis,78748,Property Abatement,Active,2026-04-28T00:00:00.000,2026-052323 CC,0428300120,30.17680313,-97.85220257
706 DULWICH STREET,Austin,TX,Travis,78748,Property Abatement,Active,2026-04-28T00:00:00.000,2026-052933 CC,0424000907,30.18083523,-97.79900229
12304 BURR RIDGE DRIVE,Austin,TX,Travis,78729,Property Abatement,Active,2026-04-28T00:00:00.000,2026-052898 CC,R073924,30.44835838,-97.78070677
8906 SPARKLING CREEK DRIVE,Austin,TX,Travis,78729,Property Abatement,Active,2026-04-28T00:00:00.000,2026-052894 CC,R073941,30.44846687,-97.77897066
4600 MUELLER BOULEVARD Unit 4066,Austin,TX,Travis,78723,Structure Condition Violation(s),Active,2026-04-28T00:00:00.000,2026-052935 CC,0218130118,30.29948141,-97.70804903
2509 QUARRY ROAD,Austin,TX,Travis,78703,Property Abatement,Active,2026-04-28T00:00:00.000,2026-052241 CC,0113060615,30.28739106,-97.77194168
2504 AUDUBON PLACE,Austin,TX,Travis,78741,Property Abatement,Active,2026-04-28T00:00:00.000,2026-052258 CC,0307020414,30.23083558,-97.74101169
4411 AIRPORT BOULEVARD BLDG 09 Unit 234,Austin,TX,Travis,78722,Structure Condition Violation(s),Active,2026-04-28T00:00:00.000,2026-052830 CC,0218110101,30.30116917,-97.71337881
9003 SPARKLING CREEK DRIVE,Austin,TX,Travis,78729,Property Abatement,Active,2026-04-28T00:00:00.000,2026-052897 CC,R073908,30.447577,-97.78013941
1101 W 5TH ST,Austin,TX,Travis,78703,Property Abatement,Active,2026-04-28T00:00:00.000,2026-052575 CC,0108010206,30.27096672,-97.75674356
1212 TAYLOR STREET,Austin,TX,Travis,78702,Property Abatement,Active,2026-04-28T00:00:00.000,2026-052778 CC,0202050311,30.25651809,-97.73286433
4411 AIRPORT BOULEVARD BLDG 09 Unit 135,Austin,TX,Travis,78722,Structure Condition Violation(s),Active,2026-04-28T00:00:00.000,2026-052827 CC,0218110101,30.30116917,-97.71337881
3416 HILLVIEW ROAD,Austin,TX,Travis,78703,Property Abatement,Active,2026-04-28T00:00:00.000,2026-052804 CC,0121050304,30.31157777,-97.76426243
12001 DESSAU ROAD,Austin,TX,Travis,78754,Structure Condition Violation(s),Active,2026-04-28T00:00:00.000,2026-052521 CC,0242310110,30.37925879,-97.65326272
4411 AIRPORT BOULEVARD BLDG 07 Unit 128,Austin,TX,Travis,78722,Structure Condition Violation(s),Active,2026-04-28T00:00:00.000,2026-052684 CC,0218110101,30.30116917,-97.71337881
6214 BLARWOOD DRIVE,Austin,TX,Travis,78745,Property Abatement,Active,2026-04-28T00:00:00.000,2026-052902 CC,0414190622,30.21430373,-97.8130901
13376 N US 183 HWY SERVICE ROAD,Austin,TX,Travis,78750,Structure Condition Violation(s),Active,2026-04-28T00:00:00.000,2026-052451 CC,0172110403,30.44477335,-97.78908984
833 FAIRFIELD DRIVE,Austin,TX,Travis,78758,Property Abatement,Active,2026-04-28T00:00:00.000,2026-052587 CC,0238150812,30.35644457,-97.70403755
1830 W RUNDBERG LN,Austin,TX,Travis,78758,Structure Condition Violation(s),Active,2026-04-28T00:00:00.000,2026-052646 CC,0244110401,30.37203604,-97.71477459
1001 W BRAKER LANE,Austin,TX,Travis,78758,Property Abatement,Active,2026-04-28T00:00:00.000,2026-052430 CC,0248200713,30.38310159,-97.69080535
7809 TOPAWA COVE,Austin,TX,Travis,78729,Structure Condition Violation(s),Active,2026-04-27T00:00:00.000,2026-051822 CC,R066423,30.43877091,-97.76778331
4611 N IH 35 SERVICE ROAD Unit 1315,Austin,TX,Travis,78722,Structure Condition Violation(s),Active,2026-04-27T00:00:00.000,2026-052118 CC,0219120202,30.30467246,-97.71280824
2405 MARCUS ABRAMS BOULEVARD,Austin,TX,Travis,78748,Property Abatement,Active,2026-04-27T00:00:00.000,2026-051781 CC,0436253302,30.1531477,-97.84071119
6108 E RIVERSIDE DRIVE,Austin,TX,Travis,78741,Structure Condition Violation(s),Active,2026-04-27T00:00:00.000,2026-051608 CC,0308140802,30.22617665,-97.70538899
12118 WALNUT PARK CROSSING Unit 1011,Austin,TX,Travis,78753,Structure Condition Violation(s),Active,2026-04-27T00:00:00.000,2026-051553 CC,0254230303,30.39295402,-97.67684845
11507 SWEETWATER TRAIL,Austin,TX,Travis,78750,Property Abatement,Active,2026-04-27T00:00:00.000,2026-051842 CC,R076817,30.4514145,-97.81835408
1706 E OLTORF STREET,Austin,TX,Travis,,Structure Condition Violation(s),Active,2026-04-27T00:00:00.000,2026-051662 CC,,,
5218 TAHOE TRAIL,Austin,TX,Travis,78745,Structure Condition Violation(s),Active,2026-04-27T00:00:00.000,2026-051927 CC,0410131212,30.2246893,-97.80390701
4900 E OLTORF STREET 1133,Austin,TX,Travis,78741,Structure Condition Violation(s),Active,2026-04-27T00:00:00.000,2026-051677 CC,0310080101,30.22321311,-97.72145383
5006 BAKER STREET,Austin,TX,Travis,78721,Property Abatement,Active,2026-04-27T00:00:00.000,2026-051764 CC,0212212001,30.28299199,-97.67887551
1500 ROYAL CREST DRIVE Unit 109,Austin,TX,Travis,78741,Structure Condition Violation(s),Active,2026-04-27T00:00:00.000,2026-052027 CC,0304070208,30.24089004,-97.73026008
1400 E RUNDBERG LANE Unit 123,Austin,TX,Travis,78753,Structure Condition Violation(s),Active,2026-04-27T00:00:00.000,2026-052149 CC,0237240209,30.35227309,-97.67791491
6806 MESA DRIVE,Austin,TX,Travis,78731,Structure Condition Violation(s),Active,2026-04-27T00:00:00.000,2026-051726 CC,0139060507,30.35734675,-97.76814304
