address_street,city,state,county,violation_type,status,date_opened,case_id,latitude,longitude
1420 NW 21ST ST,Fort Worth,TX,Tarrant,Zoning - Commercial,Open,2026-05-07,26-735357,32.783013033121605,-97.36529386443351
2420 ALLOWAY DR,Fort Worth,TX,Tarrant,Vehicle,Open,2026-05-07,26-735356,32.70030696069807,-97.29478361446581
4229 TRUELAND DR,Fort Worth,TX,Tarrant,Vehicle,Open,2026-05-07,26-735355,32.70214805923152,-97.28262373158303
1933 GREENFIELD AVE,Fort Worth,TX,Tarrant,High Grass/Weeds,Open,2026-05-07,26-735354,32.77253332341903,-97.32019138443754
3408 CONWAY ST,Fort Worth,TX,Tarrant,Vehicle,Open,2026-05-07,26-735352,32.76778055997819,-97.2990125620437
4218 J AVE,Fort Worth,TX,Tarrant,High Grass/Weeds,Open,2026-05-07,26-735351,32.726420269400165,-97.26048319553412
1828 PORTLAND ST,Fort Worth,TX,Tarrant,High Grass/Weeds,Open,2026-05-07,26-735349,32.77304503947298,-97.3230327007431
3621 RENZEL BLVD,Fort Worth,TX,Tarrant,High Grass/Weeds,Open,2026-05-07,26-735347,32.71940354447629,-97.47467429881537
2112 BROOKES ST,Fort Worth,TX,Tarrant,Property Maintenance,Open,2026-05-07,26-735346,32.72374517394844,-97.29048773671464
4237 TRUELAND DR,Fort Worth,TX,Tarrant,Property Maintenance,Open,2026-05-07,26-735345,32.70184342090858,-97.28275784410685
2009 MISSOURI AVE,Fort Worth,TX,Tarrant,High Grass/Weeds,Open,2026-05-07,26-735343,32.72316246162505,-97.31911373314479
1804 PORTLAND ST,Fort Worth,TX,Tarrant,Property Maintenance,Open,2026-05-07,26-735342,32.77261970157335,-97.32389572175987
9221 WOOD COVERT WAY,Fort Worth,TX,Tarrant,Zoning - Residential,Open,2026-05-07,26-735341,32.90205086830559,-97.37279796488566
4613 QUAILS LN,Fort Worth,TX,Tarrant,Substandard Building,Open,2026-05-07,26-735340,32.7054578632431,-97.25525262096538
508 MARION AVE,Fort Worth,TX,Tarrant,High Grass/Weeds,Open,2026-05-07,26-735339,32.71618331049876,-97.32268986739221
2509 PEARL AVE,Fort Worth,TX,Tarrant,Property Maintenance,Open,2026-05-07,26-735338,32.7906664780215,-97.36288372051642
4032 ARAGON DR,Fort Worth,TX,Tarrant,High Grass/Weeds,Open,2026-05-07,26-735336,32.648435966850265,-97.37995392229404
7345 BOAT CLUB RD,Fort Worth,TX,Tarrant,Zoning - Commercial,Open,2026-05-07,26-735331,32.869759954854096,-97.42660429776473
1717 E TUCKER ST,Fort Worth,TX,Tarrant,High Grass/Weeds,Open,2026-05-07,26-735330,32.73954999291219,-97.30391162045422
8216 STOVEPIPE DR,Fort Worth,TX,Tarrant,High Grass/Weeds,Open,2026-05-07,26-735329,32.87096605532189,-97.39543070247295
1813 GLENMORE AVE,Fort Worth,TX,Tarrant,High Grass/Weeds,Open,2026-05-07,26-735328,32.77192305524616,-97.32305333088325
2904 RATON DR,Fort Worth,TX,Tarrant,Vehicle,Open,2026-05-07,26-735327,32.732440145620934,-97.4481459902691
5124 EASTLAND ST,Fort Worth,TX,Tarrant,Vehicle,Open,2026-05-07,26-735325,32.70610306601432,-97.24412815211994
1731 E TUCKER ST,Fort Worth,TX,Tarrant,High Grass/Weeds,Open,2026-05-07,26-735324,32.739547174469536,-97.3032613063103
4921 CAMP BOWIE BLVD,Fort Worth,TX,Tarrant,High Grass/Weeds,Open,2026-05-07,26-735323,32.73733310803599,-97.39426317707338
5124 VIRGIL ST,Fort Worth,TX,Tarrant,High Grass/Weeds,Open,2026-05-07,26-735322,32.70710783005056,-97.24625916873626
609 ELMWOOD AVE,Fort Worth,TX,Tarrant,Property Maintenance,Open,2026-05-07,26-735321,32.725460729146164,-97.3220016632593
3653 GALVEZ AVE,Fort Worth,TX,Tarrant,Property Maintenance,Open,2026-05-07,26-735320,32.762528673676044,-97.29471349119729
2937 FITZHUGH AVE,Fort Worth,TX,Tarrant,Property Maintenance,Open,2026-05-07,26-735318,32.71737821853054,-97.28210461302783
1001 NE 10TH ST,Fort Worth,TX,Tarrant,High Grass/Weeds,Open,2026-05-07,26-735317,32.7754371961729,-97.33324005471877
3500 PALADIN PL,Fort Worth,TX,Tarrant,High Grass/Weeds,Open,2026-05-07,26-735316,32.86370272805012,-97.30690957472065
1005 NE 10TH ST,Fort Worth,TX,Tarrant,High Grass/Weeds,Open,2026-05-07,26-735314,32.77544712407107,-97.33307392173386
704 E JEFFERSON AVE,Fort Worth,TX,Tarrant,High Grass/Weeds,Open,2026-05-07,26-735313,32.724081816359316,-97.32149162079162
2929 FITZHUGH AVE,Fort Worth,TX,Tarrant,Property Maintenance,Open,2026-05-07,26-735311,32.71738140900554,-97.28259428768611
705 E JEFFERSON AVE,Fort Worth,TX,Tarrant,High Grass/Weeds,Open,2026-05-07,26-735310,32.72461516094311,-97.32146305304767
708 E JEFFERSON AVE,Fort Worth,TX,Tarrant,High Grass/Weeds,Open,2026-05-07,26-735308,32.724082807361754,-97.32133067285014
1412 GLEN GARDEN DR,Fort Worth,TX,Tarrant,High Grass/Weeds,Open,2026-05-07,26-735307,32.71024929428048,-97.30668056580032
2917 FITZHUGH AVE,Fort Worth,TX,Tarrant,Property Maintenance,Open,2026-05-07,26-735306,32.717384493902614,-97.28291929516573
3631 GALVEZ AVE,Fort Worth,TX,Tarrant,Vehicle,Open,2026-05-07,26-735305,32.7625266724293,-97.29553003512085
2913 SIERRA DR,Fort Worth,TX,Tarrant,Vehicle,Open,2026-05-07,26-735304,32.732165740351235,-97.44852520479868
1451 SANDY LN,Fort Worth,TX,Tarrant,Zoning - Residential,Open,2026-05-07,26-735303,32.75711647891943,-97.19814898176388
2040 BROOKES ST,Fort Worth,TX,Tarrant,Property Maintenance,Open,2026-05-07,26-735301,32.723866999666534,-97.29056490141248
3140 CHILDRESS ST,Fort Worth,TX,Tarrant,Property Maintenance,Open,2026-05-07,26-735300,32.70110540147026,-97.28178391381361
3144 CHILDRESS ST,Fort Worth,TX,Tarrant,Property Maintenance,Open,2026-05-07,26-735299,32.701105743310215,-97.28152682256476
2036 BROOKES ST,Fort Worth,TX,Tarrant,Vehicle,Open,2026-05-07,26-735298,32.72399175812795,-97.29064127559356
205 SHEFFIELD DR,Fort Worth,TX,Tarrant,Vehicle,Open,2026-05-07,26-735295,32.64339936457575,-97.32558290486597
2909 FITZHUGH AVE,Fort Worth,TX,Tarrant,Property Maintenance,Open,2026-05-07,26-735294,32.71738884204693,-97.28324449388413
5100 MEYERS LN,Fort Worth,TX,Tarrant,High Grass/Weeds,Open,2026-05-07,26-735292,32.90880647511081,-97.27461371880588
7124 WAGONWHEEL RD,Fort Worth,TX,Tarrant,High Grass/Weeds,Open,2026-05-07,26-735291,32.63888513889084,-97.3581628942459
4936 MCCAULEY DR,Fort Worth,TX,Tarrant,High Grass/Weeds,Open,2026-05-07,26-735288,32.9089129406107,-97.27665384270249
2904 FITZHUGH AVE,Fort Worth,TX,Tarrant,Vehicle,Open,2026-05-07,26-735287,32.7168736829555,-97.28339768539871
1017 NE 10TH ST,Fort Worth,TX,Tarrant,High Grass/Weeds,Open,2026-05-07,26-735285,32.77550449960221,-97.33276038499919
7601 JACKSBORO HWY,Fort Worth,TX,Tarrant,Property Maintenance,Open,2026-05-07,26-735284,32.8205313880586,-97.45697945724926
3828 W 7TH ST,Fort Worth,TX,Tarrant,Zoning - Residential,Open,2026-05-07,26-735283,32.75175737051308,-97.37536283616144
712 ELMWOOD AVE,Fort Worth,TX,Tarrant,High Grass/Weeds,Open,2026-05-07,26-735281,32.72508880134142,-97.3210903631639
1029 NE 10TH ST,Fort Worth,TX,Tarrant,High Grass/Weeds,Open,2026-05-07,26-735280,32.7755672084487,-97.33242390723885
12641 KATY RD,Fort Worth,TX,Tarrant,High Grass/Weeds,Open,2026-05-07,26-735279,32.95699250875422,-97.25471503330424
708 ELMWOOD AVE,Fort Worth,TX,Tarrant,High Grass/Weeds,Open,2026-05-07,26-735277,32.7250880425821,-97.3213203744503
2800 BRYAN AVE,Fort Worth,TX,Tarrant,High Grass/Weeds,Open,2026-05-07,26-735276,32.71119552595547,-97.32561094685862
12601 KATY RD,Fort Worth,TX,Tarrant,High Grass/Weeds,Open,2026-05-07,26-735275,32.955666859260425,-97.25630842371474
200 E CANTEY ST,Fort Worth,TX,Tarrant,High Grass/Weeds,Open,2026-05-07,26-735274,32.71119552595547,-97.32561094685862
4200 STAGHORN CIR S,Fort Worth,TX,Tarrant,High Grass/Weeds,Open,2026-05-07,26-735273,32.87732895767279,-97.29565661049857
1031 NE 10TH ST,Fort Worth,TX,Tarrant,High Grass/Weeds,Open,2026-05-07,26-735271,32.7756562445513,-97.33194382491195
324 COTILLION RD,Fort Worth,TX,Tarrant,Vehicle,Open,2026-05-07,26-735270,32.63768271285055,-97.32901046307026
5812 WONDER DR,Fort Worth,TX,Tarrant,Health Hazard,Open,2026-05-07,26-735269,32.65655375628944,-97.38305325001953
12608 OCEANSIDE DR,Fort Worth,TX,Tarrant,High Grass/Weeds,Open,2026-05-07,26-735267,32.818713646864154,-97.09131271100644
1035 NE 10TH ST,Fort Worth,TX,Tarrant,High Grass/Weeds,Open,2026-05-07,26-735266,32.77568820214955,-97.33176221001862
5340 WESTMINSTER CT N,Fort Worth,TX,Tarrant,High Grass/Weeds,Open,2026-05-07,26-735265,32.655518091094436,-97.40364658961883
2840 TRAVIS AVE,Fort Worth,TX,Tarrant,High Grass/Weeds,Open,2026-05-07,26-735263,32.70984414634225,-97.33327946858734
12610 OCEANSIDE DR,Fort Worth,TX,Tarrant,High Grass/Weeds,Open,2026-05-07,26-735262,32.818718436949574,-97.09124127416156
0000 KATY RD,Fort Worth,TX,Tarrant,High Grass/Weeds,Open,2026-05-07,26-735260,0,0
5505 ODOM AVE,Fort Worth,TX,Tarrant,Property Maintenance,Open,2026-05-07,26-735258,32.74878082584228,-97.4044986206546
3500 DONALEE ST,Fort Worth,TX,Tarrant,High Grass/Weeds,Open,2026-05-07,26-735255,32.7113964260527,-97.26758002903348
1045 NE 10TH ST,Fort Worth,TX,Tarrant,High Grass/Weeds,Open,2026-05-07,26-735253,32.77571682094914,-97.33155699220349
3301 MESQUITE RD,Fort Worth,TX,Tarrant,Substandard Building,Open,2026-05-07,26-735252,32.80394624053497,-97.2930958185397
5424 WALES AVE,Fort Worth,TX,Tarrant,High Grass/Weeds,Open,2026-05-07,26-735251,32.66735733188541,-97.38490769899403
4001 REED ST,Fort Worth,TX,Tarrant,High Grass/Weeds,Open,2026-05-07,26-735250,32.71031638169321,-97.26702199505166
2900 COLLEGE AVE,Fort Worth,TX,Tarrant,Property Maintenance,Open,2026-05-07,26-735249,32.70942616058228,-97.33588817124651
4013 WIMAN DR,Fort Worth,TX,Tarrant,High Grass/Weeds,Open,2026-05-07,26-735247,32.70946390141744,-97.26626358077937
1112 NE 10TH ST,Fort Worth,TX,Tarrant,High Grass/Weeds,Open,2026-05-07,26-735246,32.77528108778588,-97.33130170637389
2414 CLINTON AVE,Fort Worth,TX,Tarrant,High Grass/Weeds,Open,2026-05-07,26-735244,32.7892103108035,-97.35255589040038
1028 NE 10TH ST,Fort Worth,TX,Tarrant,High Grass/Weeds,Open,2026-05-07,26-735243,32.77526288675855,-97.33147790600223
3221 SCHIEFFER AVE,Fort Worth,TX,Tarrant,High Grass/Weeds,Open,2026-05-07,26-735242,32.703952195649045,-97.31735303630067
3717 HULEN PARK CIR,Fort Worth,TX,Tarrant,High Grass/Weeds,Open,2026-05-07,26-735241,32.62386749796097,-97.3728569686705
1020 NE 10TH ST,Fort Worth,TX,Tarrant,High Grass/Weeds,Open,2026-05-07,26-735238,32.77520753570221,-97.33179042283142
4801 MILLER AVE,Fort Worth,TX,Tarrant,Zoning - Commercial,Open,2026-05-07,26-735237,32.691892397080025,-97.26283877566837
7324 HYDE CT,Fort Worth,TX,Tarrant,High Grass/Weeds,Open,2026-05-07,26-735236,32.738881989003104,-97.20353335388059
3201 MITCHELL BLVD,Fort Worth,TX,Tarrant,Zoning - Residential,Open,2026-05-07,26-735235,32.71413336027805,-97.28847033339022
2315 N HOUSTON ST,Fort Worth,TX,Tarrant,High Grass/Weeds,Open,2026-05-07,26-735233,32.787375630311374,-97.3520180554538
4616 TIMKEN TR,Fort Worth,TX,Tarrant,High Grass/Weeds,Open,2026-05-07,26-735232,32.88923089959704,-97.28729764016006
8304 DEER BLUFF LN,Fort Worth,TX,Tarrant,Property Maintenance,Open,2026-05-07,26-735230,32.878052177284495,-97.41734985325003
1024 NE 10TH ST,Fort Worth,TX,Tarrant,High Grass/Weeds,Open,2026-05-07,26-735229,32.77523510533433,-97.33163414082044
7321 HYDE CT,Fort Worth,TX,Tarrant,High Grass/Weeds,Open,2026-05-07,26-735227,32.73916401159801,-97.20352468830143
2317 N HOUSTON ST,Fort Worth,TX,Tarrant,High Grass/Weeds,Open,2026-05-07,26-735226,32.78751079242692,-97.35201728353191
1016 NE 10TH ST,Fort Worth,TX,Tarrant,High Grass/Weeds,Open,2026-05-07,26-735225,32.77515013227177,-97.33209922688589
2822 MURPHY ST,Fort Worth,TX,Tarrant,Vehicle,Open,2026-05-07,26-735223,32.77476652887412,-97.30512509213358
8604 HERON DR,Fort Worth,TX,Tarrant,Substandard Building,Open,2026-05-07,26-735222,32.78850577703052,-97.46238824536101
612 E RAMSEY AVE,Fort Worth,TX,Tarrant,High Grass/Weeds,Open,2026-05-07,26-735221,32.717069842966005,-97.3215519768775
1014 NE 10TH ST,Fort Worth,TX,Tarrant,High Grass/Weeds,Open,2026-05-07,26-735220,32.77512107304279,-97.33225463508407
4017 WIMAN DR,Fort Worth,TX,Tarrant,Vehicle,Open,2026-05-07,26-735218,32.70946307334389,-97.26609781202954
7301 HYDE CT,Fort Worth,TX,Tarrant,Vehicle,Open,2026-05-07,26-735215,32.739273482038506,-97.20452306837458
1012 NE 10TH ST,Fort Worth,TX,Tarrant,High Grass/Weeds,Open,2026-05-07,26-735213,32.775091756665574,-97.33241046390272
600 E RAMSEY AVE,Fort Worth,TX,Tarrant,High Grass/Weeds,Open,2026-05-07,26-735212,32.717064856569245,-97.32204421832807
205 MC GEE DR,Fort Worth,TX,Tarrant,High Grass/Weeds,Open,2026-05-07,26-735211,32.75817378214544,-97.4020582368347
1004 NE 10TH ST,Fort Worth,TX,Tarrant,High Grass/Weeds,Open,2026-05-07,26-735209,32.77503308540842,-97.33272183793777
5600 SHORE POINT TR,Fort Worth,TX,Tarrant,High Grass/Weeds,Open,2026-05-07,26-735208,32.68350178409705,-97.23608819208279
601 E RAMSEY AVE,Fort Worth,TX,Tarrant,Vehicle,Open,2026-05-07,26-735206,32.71764958639255,-97.32182827635975
3008 CREEKWOOD LN,Fort Worth,TX,Tarrant,High Grass/Weeds,Open,2026-05-07,26-735205,32.63013748142136,-97.36559960594734
5349 CONROY ST,Fort Worth,TX,Tarrant,Zoning - Residential,Open,2026-05-07,26-735204,32.66648766291528,-97.31306643758434
1000 NE 10TH ST,Fort Worth,TX,Tarrant,High Grass/Weeds,Open,2026-05-07,26-735203,32.77502505036364,-97.33288524092853
3204 BONNIE BRAE AVE,Fort Worth,TX,Tarrant,Substandard Building,Open,2026-05-07,26-735202,32.802827467841766,-97.29965520580454
7605 PLAZA RDG,Fort Worth,TX,Tarrant,High Grass/Weeds,Open,2026-05-07,26-735201,32.88148626481595,-97.44461114027153
800 ATLANTA ST,Fort Worth,TX,Tarrant,High Grass/Weeds,Open,2026-05-07,26-735200,32.71764958639255,-97.32182827635975
5012 GLENSCAPE TR,Fort Worth,TX,Tarrant,High Grass/Weeds,Open,2026-05-07,26-735199,32.86530903422976,-97.27517793290548
4900 E LANCASTER AVE,Fort Worth,TX,Tarrant,High Grass/Weeds,Open,2026-05-07,26-735198,32.73996643498042,-97.24968403119229
522 N SYLVANIA AVE,Fort Worth,TX,Tarrant,Substandard Building,Open,2026-05-07,26-735194,32.77206002624373,-97.30849518469168
2201 ANNABELLE LN,Fort Worth,TX,Tarrant,High Grass/Weeds,Open,2026-05-07,26-735192,32.69935695489522,-97.30014538539422
1232 W BEDDELL ST,Fort Worth,TX,Tarrant,Substandard Building,Open,2026-05-07,26-735190,32.682977407109114,-97.33835877830467
3148 CHILDRESS ST,Fort Worth,TX,Tarrant,Property Maintenance,Open,2026-05-07,26-735189,32.701217156458014,-97.28112626987993
2301 ANNABELLE LN,Fort Worth,TX,Tarrant,High Grass/Weeds,Open,2026-05-07,26-735186,32.69828138904311,-97.2992765126067
4209 JACKSON ST,Fort Worth,TX,Tarrant,Property Maintenance,Open,2026-05-07,26-735182,32.702404656118794,-97.28085157400602
1925 ST LOUIS AVE,Fort Worth,TX,Tarrant,Property Maintenance,Open,2026-05-07,26-735181,32.72260187192537,-97.32788855733696
4240 JACKSON ST,Fort Worth,TX,Tarrant,Property Maintenance,Open,2026-05-07,26-735179,32.70167255499356,-97.28123940727266
2521 MALVERN TR,Fort Worth,TX,Tarrant,Property Maintenance,Open,2026-05-07,26-735177,32.71201445776603,-97.29069254021715
3137 CHILDRESS ST,Fort Worth,TX,Tarrant,Vehicle,Open,2026-05-07,26-735176,32.701801556309476,-97.28171254129286
3136 CHILDRESS ST,Fort Worth,TX,Tarrant,Property Maintenance,Open,2026-05-07,26-735175,32.701263910134166,-97.28221950327011
800 NELSON PL,Fort Worth,TX,Tarrant,Zoning - Residential,Open,2026-05-07,26-735174,32.58987804665101,-97.30550273071992
2820 WESTHILL RD,Fort Worth,TX,Tarrant,Property Maintenance,Open,2026-05-07,26-735173,32.7171828031865,-97.28683185578566
4758 EVANS AVE,Fort Worth,TX,Tarrant,Zoning - Residential,Open,2026-05-06,26-735172,32.677721486711896,-97.31925869516733
3132 CHILDRESS ST,Fort Worth,TX,Tarrant,Property Maintenance,Open,2026-05-06,26-735171,32.70066782355773,-97.28285147422564
4215 JACKSON ST,Fort Worth,TX,Tarrant,Property Maintenance,Open,2026-05-06,26-735170,32.701983556273674,-97.28068170513053
4232 TRUELAND DR,Fort Worth,TX,Tarrant,Property Maintenance,Open,2026-05-06,26-735169,32.70187308561856,-97.28344024143858
4228 TRUELAND DR,Fort Worth,TX,Tarrant,Vehicle,Open,2026-05-06,26-735168,32.70204455948975,-97.28352969962472
3017 THANNISCH AVE,Fort Worth,TX,Tarrant,Property Maintenance,Open,2026-05-06,26-735167,32.7154836132211,-97.28114610834469
1008 SOUTH FWY,Fort Worth,TX,Tarrant,High Grass/Weeds,Open,2026-05-06,26-735166,32.73375923427947,-97.32113921139361
3779 TOWNSEND DR,Fort Worth,TX,Tarrant,Vehicle,Open,2026-05-06,26-735165,32.692990101436415,-97.3491492031697
2921 STRONG AVE,Fort Worth,TX,Tarrant,Property Maintenance,Open,2026-05-06,26-735163,32.71644106528759,-97.28275839086677
1004 SOUTH FWY,Fort Worth,TX,Tarrant,High Grass/Weeds,Open,2026-05-06,26-735162,32.73389669663241,-97.32113925509394
5733 WHITMAN AVE,Fort Worth,TX,Tarrant,High Grass/Weeds,Open,2026-05-06,26-735160,32.660373451688024,-97.38596169721154
3517 AVE J,Fort Worth,TX,Tarrant,Property Maintenance,Open,2026-05-06,26-735157,32.72736324094757,-97.27412338812148
944 E BERRY ST,Fort Worth,TX,Tarrant,High Grass/Weeds,Open,2026-05-06,26-735155,32.705568578884225,-97.31612016601332
2925 STRONG AVE,Fort Worth,TX,Tarrant,Property Maintenance,Open,2026-05-06,26-735153,32.716433966136556,-97.28259085177048
4844 CARROTWOOD DR,Fort Worth,TX,Tarrant,High Grass/Weeds,Open,2026-05-06,26-735152,32.948922868992256,-97.27829302608629
610 LONEY ST,Fort Worth,TX,Tarrant,High Grass/Weeds,Open,2026-05-06,26-735151,32.7387922130893,-97.30728976901574
3755 GALVEZ AVE,Fort Worth,TX,Tarrant,High Grass/Weeds,Open,2026-05-06,26-735150,32.762534967959766,-97.29223465325269
5720 WHITMAN AVE,Fort Worth,TX,Tarrant,High Grass/Weeds,Open,2026-05-06,26-735149,32.66121156957842,-97.38595857565106
4061 CLAYMORE LN,Fort Worth,TX,Tarrant,High Grass/Weeds,Open,2026-05-06,26-735148,32.961392676040035,-97.27368761832028
3250 LAKE COMO DR,Fort Worth,TX,Tarrant,Vehicle,Open,2026-05-06,26-735147,32.72814741544924,-97.40210902551051
614 LONEY ST,Fort Worth,TX,Tarrant,High Grass/Weeds,Open,2026-05-06,26-735146,32.73863823055152,-97.30726417915112
3504 TOWNSEND DR,Fort Worth,TX,Tarrant,Vehicle,Open,2026-05-06,26-735145,32.69830903206185,-97.3497966933938
3204 WILLING AVE,Fort Worth,TX,Tarrant,Health Hazard,Open,2026-05-06,26-735144,32.70385847911695,-97.3420775317287
5670 ODESSA AVE,Fort Worth,TX,Tarrant,Vehicle,Open,2026-05-06,26-735141,32.663760580442194,-97.36109473767638
5800 WALTHAM AVE,Fort Worth,TX,Tarrant,High Grass/Weeds,Open,2026-05-06,26-735140,32.661979689526824,-97.38917534843
1108 E HATTIE ST,Fort Worth,TX,Tarrant,High Grass/Weeds,Open,2026-05-06,26-735137,32.73773357481905,-97.31351745137785
412 MAGMA DR,Fort Worth,TX,Tarrant,High Grass/Weeds,Open,2026-05-06,26-735136,32.9140931005761,-97.3667068801551
4008 DOGWOOD LN,Fort Worth,TX,Tarrant,High Grass/Weeds,Open,2026-05-06,26-735134,32.869265706220446,-97.2963931569152
5015 DRAPER RIDGE DR,Fort Worth,TX,Tarrant,Property Maintenance,Open,2026-05-06,26-735133,32.86667052513447,-97.40330817353767
5506 HOUGHTON AVE,Fort Worth,TX,Tarrant,High Grass/Weeds,Open,2026-05-06,26-735131,32.72669068080146,-97.40490015014996
1116 E RAMSEY AVE,Fort Worth,TX,Tarrant,High Grass/Weeds,Open,2026-05-06,26-735129,32.71711355613803,-97.31307833922202
2709 CRENSHAW AVE,Fort Worth,TX,Tarrant,Property Maintenance,Open,2026-05-06,26-735128,32.718364891895995,-97.28571981173283
3609 HARLEY AVE,Fort Worth,TX,Tarrant,High Grass/Weeds,Open,2026-05-06,26-735127,32.742065912121696,-97.37057719374826
7216 FULLER CIR,Fort Worth,TX,Tarrant,High Grass/Weeds,Open,2026-05-06,26-735126,32.6417538211044,-97.39347322136207
3000 SCHADT ST,Fort Worth,TX,Tarrant,Property Maintenance,Open,2026-05-06,26-735125,32.79785549788505,-97.33535177590942
3315 CHENAULT ST,Fort Worth,TX,Tarrant,Zoning - Residential,Open,2026-05-06,26-735122,32.764529895169865,-97.29966751513072
1840 GREENFIELD AVE,Fort Worth,TX,Tarrant,High Grass/Weeds,Open,2026-05-06,26-735121,32.771444776537244,-97.3214127674046
1017 MARION AVE,Fort Worth,TX,Tarrant,Health Hazard,Open,2026-05-06,26-735120,32.71675451929585,-97.31486310206003
2906 FITZHUGH AVE,Fort Worth,TX,Tarrant,Vehicle,Open,2026-05-06,26-735117,32.71687165940224,-97.28323998549233
1825 GREENFIELD AVE,Fort Worth,TX,Tarrant,High Grass/Weeds,Open,2026-05-06,26-735115,32.7715409581342,-97.32221568453973
2400 MONTGOMERY ST,Fort Worth,TX,Tarrant,High Grass/Weeds,Open,2026-05-06,26-735112,32.7358733821784,-97.37017215832556
2916 FITZHUGH AVE,Fort Worth,TX,Tarrant,Property Maintenance,Open,2026-05-06,26-735109,32.716866626669976,-97.28293128900779
928 E BERRY ST,Fort Worth,TX,Tarrant,High Grass/Weeds,Open,2026-05-06,26-735107,32.70557483774513,-97.31709936888923
4906 E LANCASTER AVE,Fort Worth,TX,Tarrant,High Grass/Weeds,Open,2026-05-06,26-735106,32.74015881153174,-97.24926731128262
1321 HEMPHILL ST,Fort Worth,TX,Tarrant,High Grass/Weeds,Open,2026-05-06,26-735105,32.7297700802337,-97.33117788115106
1317 HEMPHILL ST,Fort Worth,TX,Tarrant,High Grass/Weeds,Open,2026-05-06,26-735104,32.72991199374582,-97.33117736455674
1200 E BERRY ST,Fort Worth,TX,Tarrant,High Grass/Weeds,Open,2026-05-06,26-735103,32.705072708111935,-97.31202941835146
3625 CHILDRESS ST,Fort Worth,TX,Tarrant,High Grass/Weeds,Open,2026-05-06,26-735102,32.70207886946624,-97.27033476481782
1714 GREENFIELD AVE,Fort Worth,TX,Tarrant,Property Maintenance,Open,2026-05-06,26-735101,32.7702780590141,-97.3238329557705
2832 BIDEKER AVE,Fort Worth,TX,Tarrant,Property Maintenance,Open,2026-05-06,26-735097,32.71876791249023,-97.284052240713
3219 E 4TH ST,Fort Worth,TX,Tarrant,High Grass/Weeds,Open,2026-05-06,26-735096,32.7636757093417,-97.30070343724515
3217 E 4TH ST,Fort Worth,TX,Tarrant,High Grass/Weeds,Open,2026-05-06,26-735095,32.76363903681853,-97.30086305348385
2129 GREEN HILL CIR,Fort Worth,TX,Tarrant,High Grass/Weeds,Open,2026-05-06,26-735094,32.74678016552761,-97.24154106214843
3757 PATE DR,Fort Worth,TX,Tarrant,High Grass/Weeds,Open,2026-05-06,26-735093,32.70687118708479,-97.2600716232501
9901 CARAVELLE CT,Fort Worth,TX,Tarrant,Property Maintenance,Open,2026-05-06,26-735092,32.747011513041315,-97.49362106297828
3032 SPRINGDALE RD,Fort Worth,TX,Tarrant,Vehicle,Open,2026-05-06,26-735091,32.78764783951937,-97.30219634721256
8640 RAINY LAKE DR,Fort Worth,TX,Tarrant,High Grass/Weeds,Open,2026-05-06,26-735090,32.89869172225333,-97.30028871203349
1401 S ADAMS ST,Fort Worth,TX,Tarrant,Property Maintenance,Open,2026-05-06,26-735089,32.72924310578013,-97.33655856156533
307 W 7TH ST,Fort Worth,TX,Tarrant,Substandard Building,Open,2026-05-06,26-735088,32.75136199552086,-97.33189073145219
4621 RIVERPARK DR,Fort Worth,TX,Tarrant,High Grass/Weeds,Open,2026-05-06,26-735085,32.87121529692556,-97.28558855274518
2928 FITZHUGH AVE,Fort Worth,TX,Tarrant,Property Maintenance,Open,2026-05-06,26-735084,32.71686343357753,-97.28244193420328
1829 LANGSTON ST,Fort Worth,TX,Tarrant,High Grass/Weeds,Open,2026-05-06,26-735082,32.724916158191334,-97.25153786807418
4125 STONE HOLLOW WAY,Fort Worth,TX,Tarrant,Substandard Building,Open,2026-05-06,26-735081,32.82445035840783,-97.07174546405028
1115 STELLA ST,Fort Worth,TX,Tarrant,Property Maintenance,Open,2026-05-06,26-735080,32.741173555190834,-97.31337006152098
1824 LANGSTON ST,Fort Worth,TX,Tarrant,High Grass/Weeds,Open,2026-05-06,26-735079,32.725159348873866,-97.2529555364077
2934 FITZHUGH AVE,Fort Worth,TX,Tarrant,Property Maintenance,Open,2026-05-06,26-735078,32.71686204891141,-97.28227975456655
11050 DORFAN ST,Fort Worth,TX,Tarrant,High Grass/Weeds,Open,2026-05-06,26-735077,32.75429876679245,-97.51799137672279
1725 LANGSTON ST,Fort Worth,TX,Tarrant,High Grass/Weeds,Open,2026-05-06,26-735075,32.72554675016314,-97.2515160464892
3013 STRONG AVE,Fort Worth,TX,Tarrant,Property Maintenance,Open,2026-05-06,26-735074,32.716429740848895,-97.28145112893044
3000 FITZHUGH AVE,Fort Worth,TX,Tarrant,Vehicle,Open,2026-05-06,26-735073,32.71685251393835,-97.28178177000451
6400 GREENWAY RD,Fort Worth,TX,Tarrant,High Grass/Weeds,Open,2026-05-06,26-735071,32.72681321037355,-97.4238112303968
2824 BIDEKER AVE,Fort Worth,TX,Tarrant,Property Maintenance,Open,2026-05-06,26-735068,32.71876880724548,-97.28438226317066
3111 STRONG AVE,Fort Worth,TX,Tarrant,Property Maintenance,Open,2026-05-06,26-735067,32.71642532762084,-97.28064108443591
4030 W VICKERY BLVD,Fort Worth,TX,Tarrant,High Grass/Weeds,Open,2026-05-06,26-735066,32.72754290292729,-97.376961845196
3004 FITZHUGH AVE,Fort Worth,TX,Tarrant,Property Maintenance,Open,2026-05-06,26-735065,32.71685200791559,-97.28161363925119
3000 STRONG AVE,Fort Worth,TX,Tarrant,Property Maintenance,Open,2026-05-06,26-735064,32.71590891483431,-97.28177769781522
900 BRIDGEWOOD DR,Fort Worth,TX,Tarrant,High Grass/Weeds,Open,2026-05-06,26-735062,32.76698936596778,-97.2187605959448
1956 LOMA LINDA CT,Fort Worth,TX,Tarrant,Vehicle,Open,2026-05-06,26-735061,32.749814038290765,-97.23773990499551
6451 CRESTMORE RD,Fort Worth,TX,Tarrant,High Grass/Weeds,Open,2026-05-06,26-735059,32.71825618463879,-97.42358308373375
4601 CRENSHAW AVE,Fort Worth,TX,Tarrant,High Grass/Weeds,Open,2026-05-06,26-735058,32.71831264244608,-97.25594588187451
2305 LOUISIANA AVE,Fort Worth,TX,Tarrant,High Grass/Weeds,Open,2026-05-06,26-735057,32.72022047339376,-97.32107132685084
953 E RAMSEY AVE,Fort Worth,TX,Tarrant,High Grass/Weeds,Open,2026-05-06,26-735056,32.71760066897726,-97.31610775602132
4429 CRENSHAW AVE,Fort Worth,TX,Tarrant,High Grass/Weeds,Open,2026-05-06,26-735054,32.718301499058995,-97.25633949290476
6009 WIMBLETON WAY,Fort Worth,TX,Tarrant,High Grass/Weeds,Open,2026-05-06,26-735053,32.656599001360014,-97.38655085709291
4400 COLUMBUS TR,Fort Worth,TX,Tarrant,High Grass/Weeds,Open,2026-05-06,26-735052,32.62829992917333,-97.3878353731762
3109 THANNISCH AVE,Fort Worth,TX,Tarrant,Property Maintenance,Open,2026-05-06,26-735051,32.71548110738693,-97.28065852838415
945 E RAMSEY AVE,Fort Worth,TX,Tarrant,High Grass/Weeds,Open,2026-05-06,26-735050,32.717600577223365,-97.31643123842908
1519 W ROSEDALE ST,Fort Worth,TX,Tarrant,Zoning - Commercial,Open,2026-05-06,26-735049,32.73288355889674,-97.34310823310172
6213 NORTH HILL LN,Fort Worth,TX,Tarrant,Vehicle,Open,2026-05-06,26-735048,32.83236970023499,-97.41858619812102
3966 VALENTINE ST,Fort Worth,TX,Tarrant,Property Maintenance,Open,2026-05-06,26-735047,32.730099588770585,-97.37629352956475
3104 FITZHUGH AVE,Fort Worth,TX,Tarrant,Property Maintenance,Open,2026-05-06,26-735046,32.716847692750086,-97.2808026970349
5118 E ROSEDALE ST,Fort Worth,TX,Tarrant,High Grass/Weeds,Open,2026-05-06,26-735043,32.73074515303176,-97.24431035004837
1210 E PULASKI ST,Fort Worth,TX,Tarrant,High Grass/Weeds,Open,2026-05-06,26-735042,32.73372294447746,-97.31114916745383
3108 FITZHUGH AVE,Fort Worth,TX,Tarrant,Vehicle,Open,2026-05-06,26-735039,32.716846788834324,-97.2806401438002
1208 E PULASKI ST,Fort Worth,TX,Tarrant,High Grass/Weeds,Open,2026-05-06,26-735038,32.73372088421547,-97.31129280245504
5120 E ROSEDALE ST,Fort Worth,TX,Tarrant,High Grass/Weeds,Open,2026-05-06,26-735037,32.73073405924842,-97.24412035912043
2900 SOUTH MEADOW DR,Fort Worth,TX,Tarrant,High Grass/Weeds,Open,2026-05-06,26-735036,32.64117583443858,-97.3634334546541
7100 YOLANDA DR,Fort Worth,TX,Tarrant,Health Hazard,Open,2026-05-06,26-735035,32.75163748713391,-97.20717083231402
3716 BRIDALWREATH DR,Fort Worth,TX,Tarrant,High Grass/Weeds,Open,2026-05-06,26-735034,32.630201850412824,-97.3741041191937
4100 LISBON ST,Fort Worth,TX,Tarrant,Vehicle,Open,2026-05-06,26-735032,32.72792063036854,-97.37800898099663
2820 BIDEKER AVE,Fort Worth,TX,Tarrant,Property Maintenance,Open,2026-05-06,26-735031,32.71876918638548,-97.28453348252536
10137 MOUNT PHEASANT RD,Fort Worth,TX,Tarrant,High Grass/Weeds,Open,2026-05-06,26-735029,32.76537133208019,-97.49544878512286
913 COUNTRY CLUB LN,Fort Worth,TX,Tarrant,High Grass/Weeds,Open,2026-05-06,26-735028,32.767798626033446,-97.2357469657087
1620 AVE E,Fort Worth,TX,Tarrant,High Grass/Weeds,Open,2026-05-06,26-735027,32.73200346913006,-97.30332677528291
1805 QUEEN ST,Fort Worth,TX,Tarrant,High Grass/Weeds,Open,2026-05-06,26-735025,32.751364980753415,-97.24849878224808
2800 5TH AVE,Fort Worth,TX,Tarrant,Zoning - Residential,Open,2026-05-06,26-735024,32.71112164278812,-97.3394521312294
2323 LEE AVE,Fort Worth,TX,Tarrant,High Grass/Weeds,Open,2026-05-06,26-735022,32.787782206481836,-97.35571791671359
7036 VALHALLA RD,Fort Worth,TX,Tarrant,High Grass/Weeds,Open,2026-05-06,26-735021,32.70409390926168,-97.43726968346247
1812 J CHESHIER RD,Fort Worth,TX,Tarrant,High Grass/Weeds,Open,2026-05-06,26-735018,33.04469179012111,-97.31962253680587
8416 CLEARBROOK DR,Fort Worth,TX,Tarrant,High Grass/Weeds,Open,2026-05-06,26-735016,32.6196814205964,-97.37098960066466
12820 SOUTH FWY,Fort Worth,TX,Tarrant,Property Maintenance,Open,2026-05-06,26-735014,32.57140988210007,-97.32073806465907
6900 MIRAMAR CIR,Fort Worth,TX,Tarrant,Health Hazard,Open,2026-05-06,26-735013,32.68628459017009,-97.42884517170565
912 MISSOURI AVE,Fort Worth,TX,Tarrant,High Grass/Weeds,Open,2026-05-06,26-735010,32.73485524216863,-97.31936669284181
2700 TOWNSEND DR,Fort Worth,TX,Tarrant,Property Maintenance,Open,2026-05-06,26-735009,32.712614350526685,-97.34938183556905
309 DAKOTA RIDGE DR,Fort Worth,TX,Tarrant,High Grass/Weeds,Open,2026-05-06,26-735008,32.62862907513214,-97.32812970590801
3912 BIG THICKET DR,Fort Worth,TX,Tarrant,High Grass/Weeds,Open,2026-05-06,26-735006,32.90004185630657,-97.30280030700938
4512 PECOS ST,Fort Worth,TX,Tarrant,High Grass/Weeds,Open,2026-05-06,26-735005,32.688113652001256,-97.25732652719812
2704 HOLLAND ST,Fort Worth,TX,Tarrant,High Grass/Weeds,Open,2026-05-06,26-735004,32.79441102765671,-97.35565249735998
7400 MADEIRA DR,Fort Worth,TX,Tarrant,High Grass/Weeds,Open,2026-05-06,26-735003,32.7511845490872,-97.19838263471995
3908 BIG THICKET DR,Fort Worth,TX,Tarrant,High Grass/Weeds,Open,2026-05-06,26-735000,32.90017924429875,-97.30280086663608
1218 E PEACH ST,Fort Worth,TX,Tarrant,High Grass/Weeds,Open,2026-05-06,26-734999,32.76286118873434,-97.32587768723322
2500 SHROPSHIRE ST,Fort Worth,TX,Tarrant,Property Maintenance,Open,2026-05-06,26-734996,32.71039908739743,-97.29103475567835
163 W ROSEDALE ST,Fort Worth,TX,Tarrant,High Grass/Weeds,Open,2026-05-06,26-734995,32.7328647541845,-97.32701318053343
1215 N COMMERCE ST,Fort Worth,TX,Tarrant,Zoning - Commercial,Open,2026-05-06,26-734993,32.77610036551952,-97.34486679455328
3608 SANDGATE ST,Fort Worth,TX,Tarrant,Property Maintenance,Open,2026-05-06,26-734992,32.70853558494508,-97.29275567765997
2512 SHROPSHIRE ST,Fort Worth,TX,Tarrant,Property Maintenance,Open,2026-05-06,26-734991,32.71063212359458,-97.29056129505341
3612 SANDGATE ST,Fort Worth,TX,Tarrant,Property Maintenance,Open,2026-05-06,26-734989,32.70839025131634,-97.29261690556335
2516 SHROPSHIRE ST,Fort Worth,TX,Tarrant,Property Maintenance,Open,2026-05-06,26-734987,32.710706044312424,-97.29040694242701
2520 SHROPSHIRE ST,Fort Worth,TX,Tarrant,Property Maintenance,Open,2026-05-06,26-734986,32.710779804215946,-97.29025709577795
8812 SUMMIT POINT CT,Fort Worth,TX,Tarrant,Health Hazard,Open,2026-05-05,26-734985,32.87522680275956,-97.43557118726937
3604 SANDGATE ST,Fort Worth,TX,Tarrant,Property Maintenance,Open,2026-05-05,26-734983,32.70867995919314,-97.29292781741526
2528 SHROPSHIRE ST,Fort Worth,TX,Tarrant,Property Maintenance,Open,2026-05-05,26-734982,32.71092730210544,-97.28995448273012
2540 SHROPSHIRE ST,Fort Worth,TX,Tarrant,High Grass/Weeds,Open,2026-05-05,26-734981,32.71116414629735,-97.28947494239104
3600 SANDGATE ST,Fort Worth,TX,Tarrant,Property Maintenance,Open,2026-05-05,26-734980,32.708884908216575,-97.29296082162705
6272 EL CAPITAN ST,Fort Worth,TX,Tarrant,High Grass/Weeds,Open,2026-05-05,26-734978,32.84749457025697,-97.40668312644891
6217 FOREST RIVER DR,Fort Worth,TX,Tarrant,Substandard Building,Open,2026-05-05,26-734975,32.78036581406314,-97.22425621570125
3215 FREDDIE ST,Fort Worth,TX,Tarrant,Property Maintenance,Open,2026-05-05,26-734973,32.71289634952278,-97.26440488018663
1008 E RAMSEY AVE,Fort Worth,TX,Tarrant,High Grass/Weeds,Open,2026-05-05,26-734972,32.71710720219379,-97.31518197488379
2544 SHROPSHIRE ST,Fort Worth,TX,Tarrant,Property Maintenance,Open,2026-05-05,26-734971,32.7111816722155,-97.28930515039949
1012 E RAMSEY AVE,Fort Worth,TX,Tarrant,High Grass/Weeds,Open,2026-05-05,26-734970,32.717108134263476,-97.31501941361691
3420 WEDGWORTH RD S,Fort Worth,TX,Tarrant,High Grass/Weeds,Open,2026-05-05,26-734969,32.65415119636551,-97.36475824457524
1025 E RAMSEY AVE,Fort Worth,TX,Tarrant,High Grass/Weeds,Open,2026-05-05,26-734967,32.71761103169008,-97.3145437886984
1013 E RAMSEY AVE,Fort Worth,TX,Tarrant,High Grass/Weeds,Open,2026-05-05,26-734966,32.717608571847066,-97.315028167581
2548 SHROPSHIRE ST,Fort Worth,TX,Tarrant,Property Maintenance,Open,2026-05-05,26-734965,32.71119607880857,-97.2891069001259
1946 FAIRMOUNT AVE,Fort Worth,TX,Tarrant,High Grass/Weeds,Open,2026-05-05,26-734964,32.72237647656658,-97.34225853618791
8349 STOVEPIPE DR,Fort Worth,TX,Tarrant,High Grass/Weeds,Open,2026-05-05,26-734963,32.87437373167483,-97.3959584637187
1109 E RAMSEY AVE,Fort Worth,TX,Tarrant,High Grass/Weeds,Open,2026-05-05,26-734962,32.717616276494574,-97.31341322737428
5612 PARKVIEW HILLS LN,Fort Worth,TX,Tarrant,High Grass/Weeds,Open,2026-05-05,26-734961,32.86234151507863,-97.4067081276114
7112 WIND CHIME DR,Fort Worth,TX,Tarrant,High Grass/Weeds,Open,2026-05-05,26-734960,32.64283930465481,-97.3924743442284
1003 W GAMBRELL ST,Fort Worth,TX,Tarrant,Property Maintenance,Open,2026-05-05,26-734959,32.68129637390217,-97.33519509427333
1115 E RAMSEY AVE,Fort Worth,TX,Tarrant,High Grass/Weeds,Open,2026-05-05,26-734958,32.71761767948803,-97.31324557889104
0000 NORTH TARRANT PKWY,Fort Worth,TX,Tarrant,High Grass/Weeds,Open,2026-05-05,26-734956,0,0
1901 5TH AVE,Fort Worth,TX,Tarrant,High Grass/Weeds,Open,2026-05-05,26-734955,32.72393933252567,-97.33866711722608
1409 E LEUDA ST,Fort Worth,TX,Tarrant,High Grass/Weeds,Open,2026-05-05,26-734953,32.73669326027787,-97.30878602636106
1032 SANDY LN,Fort Worth,TX,Tarrant,Property Maintenance,Open,2026-05-05,26-734952,32.76438617554609,-97.19690096811239
841 NORTHWOOD RD,Fort Worth,TX,Tarrant,High Grass/Weeds,Open,2026-05-05,26-734951,32.7731779294196,-97.37724177182045
2901 E LANCASTER AVE,Fort Worth,TX,Tarrant,High Grass/Weeds,Open,2026-05-05,26-734950,32.74112701772353,-97.28367688024406
829 NORTHWOOD RD,Fort Worth,TX,Tarrant,High Grass/Weeds,Open,2026-05-05,26-734949,32.77262587552461,-97.37719762476235
9200 CASTORIAN DR,Fort Worth,TX,Tarrant,High Grass/Weeds,Open,2026-05-05,26-734948,32.90127907841135,-97.36611715575214
1704 WILLOW VALE DR,Fort Worth,TX,Tarrant,Vehicle,Open,2026-05-05,26-734947,32.63203790722255,-97.34434660724389
11813 PONDEROSA PINE DR,Fort Worth,TX,Tarrant,High Grass/Weeds,Open,2026-05-05,26-734946,32.94564016240449,-97.27110350314727
1217 E RAMSEY AVE,Fort Worth,TX,Tarrant,High Grass/Weeds,Open,2026-05-05,26-734944,32.717628141226015,-97.31163821690355
860 NORTHWOOD RD,Fort Worth,TX,Tarrant,Vehicle,Open,2026-05-05,26-734943,32.77391577440775,-97.37660509219272
1526 E LEUDA ST,Fort Worth,TX,Tarrant,High Grass/Weeds,Open,2026-05-05,26-734942,32.7362484924183,-97.30772395529765
3749 PATE DR,Fort Worth,TX,Tarrant,Property Maintenance,Open,2026-05-05,26-734941,32.70720186948897,-97.260070167681
6844 WINDWILLOW DR,Fort Worth,TX,Tarrant,Vehicle,Open,2026-05-05,26-734940,32.86427992705531,-97.27799063441756
812 E MADDOX AVE,Fort Worth,TX,Tarrant,High Grass/Weeds,Open,2026-05-05,26-734939,32.72677103427425,-97.31972837176633
4009 BICKMORE LN,Fort Worth,TX,Tarrant,Property Maintenance,Open,2026-05-05,26-734937,32.9586202954935,-97.27472302663139
7301 LAURIE DR,Fort Worth,TX,Tarrant,High Grass/Weeds,Open,2026-05-05,26-734936,32.7537019367688,-97.20157472298528
7313 STARWOOD DR,Fort Worth,TX,Tarrant,High Grass/Weeds,Open,2026-05-05,26-734935,32.8724583168852,-97.26469163069689
1940 WILLOW VALE DR,Fort Worth,TX,Tarrant,Property Maintenance,Open,2026-05-05,26-734934,32.63084808776326,-97.34806174233273
5503 DAVID STRICKLAND RD,Fort Worth,TX,Tarrant,Zoning - Residential,Open,2026-05-05,26-734933,32.6816858153664,-97.23771209148491
808 E MADDOX AVE,Fort Worth,TX,Tarrant,High Grass/Weeds,Open,2026-05-05,26-734932,32.72677060495545,-97.31989181985129
321 CHATEAU DR,Fort Worth,TX,Tarrant,Zoning - Residential,Open,2026-05-05,26-734930,32.637981088553154,-97.32873284490174
1521 E CANNON ST,Fort Worth,TX,Tarrant,High Grass/Weeds,Open,2026-05-05,26-734929,32.737424152648515,-97.30763694893189
3817 FLINTWOOD TR,Fort Worth,TX,Tarrant,High Grass/Weeds,Open,2026-05-05,26-734928,32.87692075434666,-97.30019639219213
5236 FARNSWORTH AVE,Fort Worth,TX,Tarrant,High Grass/Weeds,Open,2026-05-05,26-734927,32.71808183064975,-97.40067267122026
2501 DAHLIA DR,Fort Worth,TX,Tarrant,Property Maintenance,Open,2026-05-05,26-734926,32.62596913320561,-97.35758266675437
1500 E CANNON ST,Fort Worth,TX,Tarrant,High Grass/Weeds,Open,2026-05-05,26-734925,32.73701563198541,-97.30845034798887
2420 MORESBY ST,Fort Worth,TX,Tarrant,Vehicle,Open,2026-05-05,26-734924,32.706819883754214,-97.29034208515445
4400 BUCKEYE ST,Fort Worth,TX,Tarrant,High Grass/Weeds,Open,2026-05-05,26-734923,32.876118766110636,-97.29143683574695
1321 E CANNON ST,Fort Worth,TX,Tarrant,High Grass/Weeds,Open,2026-05-05,26-734921,32.73743335581009,-97.30943341613133
1220 E RAMSEY AVE,Fort Worth,TX,Tarrant,High Grass/Weeds,Open,2026-05-05,26-734920,32.71714319866476,-97.31174262603444
1701 S ADAMS ST,Fort Worth,TX,Tarrant,Property Maintenance,Open,2026-05-05,26-734918,32.725858755646165,-97.33656974442881
7525 PARKWOOD LN,Fort Worth,TX,Tarrant,Vehicle,Open,2026-05-05,26-734917,32.634776797672146,-97.3856061798113
4204 JACKSON ST,Fort Worth,TX,Tarrant,Property Maintenance,Open,2026-05-05,26-734915,32.702962709844556,-97.28175611253592
5709 WHARTON DR,Fort Worth,TX,Tarrant,Zoning - Residential,Open,2026-05-05,26-734913,32.66003240850479,-97.38245845037659
1157 PRINCE ST,Fort Worth,TX,Tarrant,Vehicle,Open,2026-05-05,26-734912,32.68558166355828,-97.31362737453122
2553 SHROPSHIRE ST,Fort Worth,TX,Tarrant,Property Maintenance,Open,2026-05-05,26-734911,32.711725483726546,-97.28911960832289
1016 W ARLINGTON AVE,Fort Worth,TX,Tarrant,High Grass/Weeds,Open,2026-05-05,26-734910,32.72252029015842,-97.3359379915462
4104 JACKSON ST,Fort Worth,TX,Tarrant,Property Maintenance,Open,2026-05-05,26-734907,32.703232337059184,-97.28162064865296
2541 SHROPSHIRE ST,Fort Worth,TX,Tarrant,Property Maintenance,Open,2026-05-05,26-734906,32.71155759498035,-97.28974364479468
2529 SHROPSHIRE ST,Fort Worth,TX,Tarrant,Vehicle,Open,2026-05-05,26-734904,32.7113199503995,-97.29020771676208
3161 GLEN GARDEN DR N,Fort Worth,TX,Tarrant,Property Maintenance,Open,2026-05-05,26-734902,32.704055629696434,-97.2809704369589
2944 SALADO TR,Fort Worth,TX,Tarrant,Property Maintenance,Open,2026-05-05,26-734901,32.80124063837722,-97.19454712063705
2501 SHROPSHIRE ST,Fort Worth,TX,Tarrant,Vehicle,Open,2026-05-05,26-734900,32.71080844060147,-97.29122658562136
1005 ROKY CT,Fort Worth,TX,Tarrant,High Grass/Weeds,Open,2026-05-05,26-734899,32.777915903531955,-97.41504840926075
4424 ERATH ST,Fort Worth,TX,Tarrant,High Grass/Weeds,Open,2026-05-05,26-734898,32.6990638075549,-97.27353272307802
3163 GLEN GARDEN DR N,Fort Worth,TX,Tarrant,Vehicle,Open,2026-05-05,26-734897,32.70405421884253,-97.2806434119162
2508 SHROPSHIRE ST,Fort Worth,TX,Tarrant,Property Maintenance,Open,2026-05-05,26-734895,32.710558219287186,-97.29070938325201
3509 BANDERA RANCH RD,Fort Worth,TX,Tarrant,High Grass/Weeds,Open,2026-05-05,26-734894,32.97995233263769,-97.2858756456939
10016 CHANNING RD,Fort Worth,TX,Tarrant,High Grass/Weeds,Open,2026-05-05,26-734893,32.92206932255887,-97.30178374467978
6009 WESTCREEK DR,Fort Worth,TX,Tarrant,Zoning - Commercial,Open,2026-05-05,26-734892,32.65767637522227,-97.3615987806086
7101 OVERHILL RD,Fort Worth,TX,Tarrant,High Grass/Weeds,Open,2026-05-05,26-734890,32.70613801508566,-97.43744640864239
1916 HEIDELBERG DR,Fort Worth,TX,Tarrant,Zoning - Residential,Open,2026-05-05,26-734889,32.6461670252702,-97.34816114876018
1600 BLACK KITE LN,Fort Worth,TX,Tarrant,High Grass/Weeds,Open,2026-05-05,26-734888,32.60079816450808,-97.28829778080811
10912 BLYTHE CT,Fort Worth,TX,Tarrant,High Grass/Weeds,Open,2026-05-05,26-734887,32.59638687177185,-97.31068395235195
1600 STELLA ST,Fort Worth,TX,Tarrant,Substandard Building,Open,2026-05-05,26-734886,32.74083482210612,-97.30634570454522
1333 E RAMSEY AVE,Fort Worth,TX,Tarrant,High Grass/Weeds,Open,2026-05-05,26-734883,32.71765249589686,-97.30828630304563
3982 GRIGGS CT,Fort Worth,TX,Tarrant,Substandard Building,Open,2026-05-05,26-734881,32.704137763401526,-97.25838614904279
8337 DERBY LN,Fort Worth,TX,Tarrant,Health Hazard,Open,2026-05-05,26-734880,32.62049008719172,-97.36825853974707
5640 VOLDER DR,Fort Worth,TX,Tarrant,High Grass/Weeds,Open,2026-05-05,26-734878,32.750902076365236,-97.40794678198172
1216 N MAIN ST,Fort Worth,TX,Tarrant,Zoning - Commercial,Open,2026-05-05,26-734877,32.77595162035809,-97.34517636409217
804 SHARONDALE ST,Fort Worth,TX,Tarrant,Zoning - Residential,Open,2026-05-05,26-734876,32.66798244546291,-97.33263967019013
2601 TANDY AVE,Fort Worth,TX,Tarrant,Property Maintenance,Open,2026-05-05,26-734875,32.742249576592435,-97.27550782108005
7724 SUMMERBROOK CIR,Fort Worth,TX,Tarrant,High Grass/Weeds,Open,2026-05-05,26-734873,32.87885696793269,-97.28696875226079
1236 N COMMERCE ST,Fort Worth,TX,Tarrant,Zoning - Commercial,Open,2026-05-05,26-734872,32.776602857709854,-97.34461231573917
1905 STEINBURG LN,Fort Worth,TX,Tarrant,Vehicle,Open,2026-05-05,26-734870,32.64645168180579,-97.34755559979459
9750 LEGACY DR,Fort Worth,TX,Tarrant,High Grass/Weeds,Open,2026-05-05,26-734869,32.76433112714089,-97.48658217895967
1636 STELLAR SEA LN,Fort Worth,TX,Tarrant,High Grass/Weeds,Open,2026-05-05,26-734868,32.59936899130353,-97.28677373606179
4423 ERATH ST,Fort Worth,TX,Tarrant,Property Maintenance,Open,2026-05-05,26-734867,32.69907339767821,-97.27269869140252
3724 GRIGGS AVE,Fort Worth,TX,Tarrant,Substandard Building,Open,2026-05-05,26-734863,32.708197631315,-97.25961631515744
5824 HEATHERGLEN TERR,Fort Worth,TX,Tarrant,Property Maintenance,Open,2026-05-05,26-734862,32.85824823746489,-97.40864412502519
3736 LINDEN AVE,Fort Worth,TX,Tarrant,High Grass/Weeds,Open,2026-05-05,26-734859,32.73807778376898,-97.37295683080333
8013 MOSS ROCK DR,Fort Worth,TX,Tarrant,High Grass/Weeds,Open,2026-05-05,26-734856,32.6254394546827,-97.38207984938147
9550 WHITE SETTLEMENT RD,Fort Worth,TX,Tarrant,High Grass/Weeds,Open,2026-05-05,26-734854,32.76191927542492,-97.48238123409864
7424 MOHAWK AVE,Fort Worth,TX,Tarrant,High Grass/Weeds,Open,2026-05-05,26-734853,32.70658886255668,-97.44345143846513
1685 STELLAR SEA LN,Fort Worth,TX,Tarrant,High Grass/Weeds,Open,2026-05-05,26-734851,32.59979226562384,-97.28473529676033
7829 PENSACOLA AVE,Fort Worth,TX,Tarrant,Substandard Building,Open,2026-05-05,26-734850,32.70940430998824,-97.45227588954371
7901 TREE LEAF LN,Fort Worth,TX,Tarrant,Vehicle,Open,2026-05-05,26-734846,32.62787359336323,-97.38116790187159
2920 E 4TH ST,Fort Worth,TX,Tarrant,Substandard Building,Open,2026-05-05,26-734845,32.762975279778665,-97.30443631100086
3159 GLEN GARDEN DR N,Fort Worth,TX,Tarrant,Property Maintenance,Open,2026-05-05,26-734844,32.704067921634035,-97.2813759691648
801 PARK ST,Fort Worth,TX,Tarrant,High Grass/Weeds,Open,2026-05-05,26-734843,32.77885643615583,-97.35854178913677
3616 GRIGGS AVE,Fort Worth,TX,Tarrant,Substandard Building,Open,2026-05-05,26-734841,32.709657381170054,-97.25960923117405
3128 GLEN GARDEN DR N,Fort Worth,TX,Tarrant,Property Maintenance,Open,2026-05-05,26-734839,32.70340734199029,-97.2820176240341
1116 E MULKEY ST,Fort Worth,TX,Tarrant,High Grass/Weeds,Open,2026-05-05,26-734838,32.71539505627714,-97.31309419235589
1051 NEW YORK AVE,Fort Worth,TX,Tarrant,High Grass/Weeds,Open,2026-05-05,26-734837,32.73347741273691,-97.31535957336604
4105 JACKSON ST,Fort Worth,TX,Tarrant,Property Maintenance,Open,2026-05-05,26-734836,32.70326409442497,-97.2811918639947
1704 COLLEGE AVE,Fort Worth,TX,Tarrant,Property Maintenance,Open,2026-05-05,26-734835,32.72569299131585,-97.33534133538147
7817 SUMMERGLEN RD,Fort Worth,TX,Tarrant,High Grass/Weeds,Open,2026-05-05,26-734833,32.62864519961281,-97.38440514229119
10520 DESERT HAWK CIR,Fort Worth,TX,Tarrant,High Grass/Weeds,Open,2026-05-05,26-734832,32.600286820728506,-97.28874785442159
6450 SPOONWOOD LN,Fort Worth,TX,Tarrant,High Grass/Weeds,Open,2026-05-05,26-734830,32.85908725054523,-97.29236139787893
2201 TAFT ST,Fort Worth,TX,Tarrant,High Grass/Weeds,Open,2026-05-05,26-734829,32.746562110727304,-97.29282073216281
8301 SOUTHERN PRAIRIE DR,Fort Worth,TX,Tarrant,High Grass/Weeds,Open,2026-05-05,26-734828,32.62004288807175,-97.4026876846124
2204 TAFT ST,Fort Worth,TX,Tarrant,High Grass/Weeds,Open,2026-05-05,26-734827,32.74655483864548,-97.29348219949729
4009 APPLE ST,Fort Worth,TX,Tarrant,High Grass/Weeds,Open,2026-05-05,26-734825,32.82142910888866,-97.09333766513711
2104 TAFT ST,Fort Worth,TX,Tarrant,High Grass/Weeds,Open,2026-05-05,26-734824,32.74737023413676,-97.29379615991606
5053 PENROSE AVE,Fort Worth,TX,Tarrant,Vehicle,Open,2026-05-05,26-734823,32.69922898391271,-97.44270096123132
2301 SCOTT AVE,Fort Worth,TX,Tarrant,High Grass/Weeds,Open,2026-05-05,26-734822,32.74830040553125,-97.29374229181082
6337 TRINITY CREEK DR,Fort Worth,TX,Tarrant,Vehicle,Open,2026-05-04,26-734816,32.8467083832888,-97.42215327557625
3008 GLEN GARDEN DR N,Fort Worth,TX,Tarrant,Property Maintenance,Open,2026-05-04,26-734815,32.70322997757331,-97.28504139954191
6600 ANDRESS DR,Fort Worth,TX,Tarrant,Zoning - Residential,Open,2026-05-04,26-734814,32.65856500363529,-97.40994435856021
2901 MEADOWBROOK DR,Fort Worth,TX,Tarrant,High Grass/Weeds,Open,2026-05-04,26-734813,32.744010632826686,-97.28416051329668
4109 JACKSON ST,Fort Worth,TX,Tarrant,Vehicle,Open,2026-05-04,26-734812,32.702923787120426,-97.2810632173794
3004 GLEN GARDEN DR N,Fort Worth,TX,Tarrant,Property Maintenance,Open,2026-05-04,26-734811,32.7031995119582,-97.2853533781244
1617 E VICKERY BLVD,Fort Worth,TX,Tarrant,High Grass/Weeds,Open,2026-05-04,26-734810,32.73901931812511,-97.30563571327451
3820 E 1ST ST,Fort Worth,TX,Tarrant,High Grass/Weeds,Open,2026-05-04,26-734809,32.76486952624761,-97.28991558071363
1424 BESSIE ST,Fort Worth,TX,Tarrant,High Grass/Weeds,Open,2026-05-04,26-734808,32.74001573522044,-97.30833383146543
